group_order,small_group_id,group_structure,class_i,class_j,class_size,union_size,linear_nullity,unordered_sign_solutions,nontrivial_partitions,isomorphic_partitions,new_twists,isomorphism_flags
3,1,"C3",2,3,1,2,1,1,0,0,0,""
4,1,"C4",2,4,1,2,1,1,0,0,0,""
4,2,"C2 x C2",2,3,1,2,1,1,0,0,0,""
4,2,"C2 x C2",2,4,1,2,1,1,0,0,0,""
4,2,"C2 x C2",3,4,1,2,1,1,0,0,0,""
8,3,"D8",2,3,2,4,1,1,0,0,0,""
8,3,"D8",2,5,2,4,1,1,0,0,0,""
8,3,"D8",3,5,2,4,1,1,0,0,0,""
8,4,"Q8",2,3,2,4,1,1,0,0,0,""
8,4,"Q8",2,5,2,4,1,1,0,0,0,""
8,4,"Q8",3,5,2,4,1,1,0,0,0,""
10,1,"D10",3,4,2,4,3,3,0,0,0,""
12,1,"C3 : C4",2,5,3,6,1,1,0,0,0,""
12,3,"A4",2,4,4,8,1,1,0,0,0,""
12,4,"D12",2,5,3,6,1,1,0,0,0,""
16,3,"(C4 x C2) : C2",5,9,1,2,1,1,0,0,0,""
16,4,"C4 : C4",5,9,1,2,1,1,0,0,0,""
16,6,"C8 : C2",4,9,1,2,1,1,0,0,0,""
16,7,"D16",2,3,4,8,1,1,0,0,0,""
16,7,"D16",6,7,2,4,2,2,0,0,0,""
16,8,"QD16",2,3,4,8,1,1,0,0,0,""
16,8,"QD16",6,7,2,4,2,2,0,0,0,""
16,9,"Q16",2,3,4,8,1,1,0,0,0,""
16,9,"Q16",6,7,2,4,2,2,0,0,0,""
16,11,"C2 x D8",4,9,1,2,1,1,0,0,0,""
16,12,"C2 x Q8",4,9,1,2,1,1,0,0,0,""
16,13,"(C4 x C2) : C2",4,9,1,2,1,1,0,0,0,""
18,4,"(C3 x C3) : C2",3,4,2,4,1,1,0,0,0,""
18,4,"(C3 x C3) : C2",3,5,2,4,1,1,0,0,0,""
18,4,"(C3 x C3) : C2",3,6,2,4,1,1,0,0,0,""
18,4,"(C3 x C3) : C2",4,5,2,4,1,1,0,0,0,""
18,4,"(C3 x C3) : C2",4,6,2,4,1,1,0,0,0,""
18,4,"(C3 x C3) : C2",5,6,2,4,1,1,0,0,0,""
20,1,"C5 : C4",2,5,5,10,1,1,0,0,0,""
20,3,"C5 : C4",2,5,5,10,1,1,0,0,0,""
20,4,"D20",2,5,5,10,1,1,0,0,0,""
21,1,"C7 : C3",2,4,7,14,1,1,0,0,0,""
21,1,"C7 : C3",3,5,3,6,5,10,0,0,0,""
24,4,"C3 : Q8",2,6,6,12,1,1,0,0,0,""
24,4,"C3 : Q8",7,9,2,4,1,1,0,0,0,""
24,6,"D24",2,6,6,12,1,1,0,0,0,""
24,6,"D24",7,9,2,4,1,1,0,0,0,""
24,8,"(C6 x C2) : C2",2,6,6,12,1,1,0,0,0,""
24,8,"(C6 x C2) : C2",7,9,2,4,1,1,0,0,0,""
24,12,"S4",2,5,6,12,9,108,3,3,0,"true;true;true"
27,3,"(C3 x C3) : C3",4,8,1,2,1,1,0,0,0,""
27,4,"C9 : C3",4,8,1,2,1,1,0,0,0,""
28,1,"C7 : C4",2,5,7,14,1,1,0,0,0,""
28,3,"D28",2,5,7,14,1,1,0,0,0,""
32,6,"(C2 x C2 x C2) : C4",5,10,2,4,1,1,0,0,0,""
32,7,"(C8 : C2) : C2",5,10,2,4,1,1,0,0,0,""
32,8,"C2 . ((C4 x C2) : C2) = (C2 x C2) . (C4 x C2)",5,10,2,4,1,1,0,0,0,""
32,18,"D32",2,3,8,16,1,1,0,0,0,""
32,19,"QD32",2,3,8,16,1,1,0,0,0,""
32,20,"Q32",2,3,8,16,1,1,0,0,0,""
32,27,"(C2 x C2 x C2 x C2) : C2",3,10,2,4,1,1,0,0,0,""
32,27,"(C2 x C2 x C2 x C2) : C2",4,11,2,4,1,1,0,0,0,""
32,27,"(C2 x C2 x C2 x C2) : C2",9,14,2,4,1,1,0,0,0,""
32,28,"(C4 x C2 x C2) : C2",3,10,2,4,1,1,0,0,0,""
32,28,"(C4 x C2 x C2) : C2",4,11,2,4,1,1,0,0,0,""
32,28,"(C4 x C2 x C2) : C2",9,14,2,4,1,1,0,0,0,""
32,29,"(C2 x Q8) : C2",3,10,2,4,1,1,0,0,0,""
32,29,"(C2 x Q8) : C2",4,11,2,4,1,1,0,0,0,""
32,29,"(C2 x Q8) : C2",9,14,2,4,1,1,0,0,0,""
32,30,"(C4 x C2 x C2) : C2",3,10,2,4,1,1,0,0,0,""
32,30,"(C4 x C2 x C2) : C2",4,11,2,4,1,1,0,0,0,""
32,30,"(C4 x C2 x C2) : C2",9,14,2,4,1,1,0,0,0,""
32,31,"(C4 x C4) : C2",3,10,2,4,1,1,0,0,0,""
32,31,"(C4 x C4) : C2",4,11,2,4,1,1,0,0,0,""
32,31,"(C4 x C4) : C2",9,14,2,4,1,1,0,0,0,""
32,32,"(C2 x C2) . (C2 x C2 x C2)",3,10,2,4,1,1,0,0,0,""
32,32,"(C2 x C2) . (C2 x C2 x C2)",4,11,2,4,1,1,0,0,0,""
32,32,"(C2 x C2) . (C2 x C2 x C2)",9,14,2,4,1,1,0,0,0,""
32,33,"(C4 x C4) : C2",3,10,2,4,1,1,0,0,0,""
32,33,"(C4 x C4) : C2",4,11,2,4,1,1,0,0,0,""
32,33,"(C4 x C4) : C2",9,14,2,4,1,1,0,0,0,""
32,34,"(C4 x C4) : C2",3,10,2,4,1,1,0,0,0,""
32,34,"(C4 x C4) : C2",4,11,2,4,1,1,0,0,0,""
32,34,"(C4 x C4) : C2",9,14,2,4,1,1,0,0,0,""
32,35,"C4 : Q8",3,10,2,4,1,1,0,0,0,""
32,35,"C4 : Q8",4,11,2,4,1,1,0,0,0,""
32,35,"C4 : Q8",9,14,2,4,1,1,0,0,0,""
32,43,"C8 : (C2 x C2)",4,10,2,4,1,1,0,0,0,""
32,44,"(C2 x Q8) : C2",4,10,2,4,1,1,0,0,0,""
36,1,"C9 : C4",2,6,9,18,1,1,0,0,0,""
36,4,"D36",2,6,9,18,1,1,0,0,0,""
36,7,"(C3 x C3) : C4",2,6,9,18,1,1,0,0,0,""
36,9,"(C3 x C3) : C4",2,6,9,18,1,1,0,0,0,""
36,9,"(C3 x C3) : C4",4,5,4,8,7,35,2,2,0,"true;true"
36,13,"C2 x ((C3 x C3) : C2)",2,6,9,18,1,1,0,0,0,""
39,1,"C13 : C3",2,4,13,26,1,1,0,0,0,""
40,4,"C5 : Q8",2,6,10,20,1,1,0,0,0,""
40,6,"D40",2,6,10,20,1,1,0,0,0,""
40,8,"(C10 x C2) : C2",2,6,10,20,1,1,0,0,0,""
44,1,"C11 : C4",2,5,11,22,1,1,0,0,0,""
44,3,"D44",2,5,11,22,1,1,0,0,0,""
48,3,"(C4 x C4) : C3",2,5,16,32,1,1,0,0,0,""
48,3,"(C4 x C4) : C3",3,6,3,6,1,1,0,0,0,""
48,3,"(C4 x C4) : C3",7,8,3,6,1,1,0,0,0,""
48,6,"C24 : C2",2,7,12,24,1,1,0,0,0,""
48,7,"D48",2,7,12,24,1,1,0,0,0,""
48,8,"C3 : Q16",2,7,12,24,1,1,0,0,0,""
48,15,"(C3 x D8) : C2",7,11,6,12,2,2,0,0,0,""
48,15,"(C3 x D8) : C2",8,12,4,8,1,1,0,0,0,""
48,16,"(C3 : Q8) : C2",7,11,6,12,2,2,0,0,0,""
48,16,"(C3 : Q8) : C2",8,12,4,8,1,1,0,0,0,""
48,17,"(C3 x Q8) : C2",7,11,6,12,2,2,0,0,0,""
48,17,"(C3 x Q8) : C2",8,12,4,8,1,1,0,0,0,""
48,18,"C3 : Q16",7,11,6,12,2,2,0,0,0,""
48,18,"C3 : Q16",8,12,4,8,1,1,0,0,0,""
48,28,"C2 . S4 = SL(2,3) . C2",6,8,6,12,1,1,0,0,0,""
48,29,"GL(2,3)",6,8,6,12,1,1,0,0,0,""
48,38,"D8 x S3",2,9,3,6,1,1,0,0,0,""
48,39,"(C4 x S3) : C2",7,14,3,6,1,1,0,0,0,""
48,40,"Q8 x S3",2,9,3,6,1,1,0,0,0,""
48,41,"(C4 x S3) : C2",7,14,3,6,1,1,0,0,0,""
48,50,"(C2 x C2 x C2 x C2) : C3",2,5,16,32,1,1,0,0,0,""
48,50,"(C2 x C2 x C2 x C2) : C3",3,4,3,6,1,1,0,0,0,""
48,50,"(C2 x C2 x C2 x C2) : C3",3,6,3,6,1,1,0,0,0,""
48,50,"(C2 x C2 x C2 x C2) : C3",3,7,3,6,1,1,0,0,0,""
48,50,"(C2 x C2 x C2 x C2) : C3",3,8,3,6,1,1,0,0,0,""
48,50,"(C2 x C2 x C2 x C2) : C3",4,6,3,6,1,1,0,0,0,""
48,50,"(C2 x C2 x C2 x C2) : C3",4,7,3,6,1,1,0,0,0,""
48,50,"(C2 x C2 x C2 x C2) : C3",4,8,3,6,1,1,0,0,0,""
48,50,"(C2 x C2 x C2 x C2) : C3",6,7,3,6,1,1,0,0,0,""
48,50,"(C2 x C2 x C2 x C2) : C3",6,8,3,6,1,1,0,0,0,""
48,50,"(C2 x C2 x C2 x C2) : C3",7,8,3,6,1,1,0,0,0,""
52,1,"C13 : C4",2,5,13,26,1,1,0,0,0,""
52,3,"C13 : C4",2,5,13,26,1,1,0,0,0,""
52,4,"D52",2,5,13,26,1,1,0,0,0,""
54,8,"((C3 x C3) : C3) : C2",3,4,6,12,1,1,0,0,0,""
54,8,"((C3 x C3) : C3) : C2",3,7,6,12,1,1,0,0,0,""
54,8,"((C3 x C3) : C3) : C2",3,10,6,12,1,1,0,0,0,""
54,8,"((C3 x C3) : C3) : C2",4,7,6,12,1,1,0,0,0,""
54,8,"((C3 x C3) : C3) : C2",4,10,6,12,1,1,0,0,0,""
54,8,"((C3 x C3) : C3) : C2",7,10,6,12,1,1,0,0,0,""
55,1,"C11 : C5",3,5,5,10,9,126,0,0,0,""
56,3,"C7 : Q8",2,6,14,28,1,1,0,0,0,""
56,5,"D56",2,6,14,28,1,1,0,0,0,""
56,7,"(C14 x C2) : C2",2,6,14,28,1,1,0,0,0,""
57,1,"C19 : C3",2,4,19,38,1,1,0,0,0,""
60,3,"C15 : C4",2,6,15,30,1,1,0,0,0,""
60,5,"A5",4,5,12,24,1,1,0,0,0,""
60,7,"C15 : C4",2,6,15,30,1,1,0,0,0,""
60,7,"C15 : C4",8,9,4,8,3,3,0,0,0,""
60,12,"D60",2,6,15,30,1,1,0,0,0,""
64,4,"((C8 x C2) : C2) : C2",7,16,1,2,1,1,0,0,0,""
64,5,"(C4 x C2) : C8",7,16,1,2,1,1,0,0,0,""
64,18,"(C4 x C4) : C4",4,15,1,2,1,1,0,0,0,""
64,19,"C4 . (C4 x C4)",4,15,1,2,1,1,0,0,0,""
64,23,"((C4 x C2) : C2) : C4",6,16,1,2,1,1,0,0,0,""
64,24,"(C8 : C2) : C4",6,16,1,2,1,1,0,0,0,""
64,25,"(C8 x C2) : C4",6,16,1,2,1,1,0,0,0,""
64,28,"C16 : C4",6,16,1,2,1,1,0,0,0,""
64,30,"(C16 : C2) : C2",6,16,1,2,1,1,0,0,0,""
64,32,"((C8 : C2) : C2) : C2",3,11,4,8,4,8,3,3,0,"true;true;true"
64,32,"((C8 : C2) : C2) : C2",5,12,4,8,1,1,0,0,0,""
64,33,"(C4 x C2 x C2) : C4",3,11,4,8,4,8,3,3,0,"true;true;true"
64,33,"(C4 x C2 x C2) : C4",5,12,4,8,1,1,0,0,0,""
64,34,"((C2 x C2 x C2) : C4) : C2",5,11,4,8,1,1,0,0,0,""
64,34,"((C2 x C2 x C2) : C4) : C2",10,13,4,8,4,8,1,1,0,"true"
64,35,"(C2 x Q8) : C4",5,11,4,8,1,1,0,0,0,""
64,35,"(C2 x Q8) : C4",10,13,4,8,4,8,1,1,0,"true"
64,36,"(C2 . ((C4 x C2) : C2) = (C2 x C2) . (C4 x C2)) : C2",5,11,4,8,1,1,0,0,0,""
64,36,"(C2 . ((C4 x C2) : C2) = (C2 x C2) . (C4 x C2)) : C2",10,13,4,8,4,8,1,1,0,"true"
64,37,"C2 . ((C2 x C2 x C2) : C4) = (C4 x C2) . (C4 x C2)",5,11,4,8,1,1,0,0,0,""
64,37,"C2 . ((C2 x C2 x C2) : C4) = (C4 x C2) . (C4 x C2)",10,13,4,8,4,8,1,1,0,"true"
64,41,"(C16 : C2) : C2",11,15,2,4,2,2,0,0,0,""
64,42,"(C16 : C2) : C2",11,15,2,4,2,2,0,0,0,""
64,43,"C2 . ((C8 x C2) : C2) = C8 . (C4 x C2)",11,15,2,4,2,2,0,0,0,""
64,46,"C16 : C4",4,13,2,4,2,2,0,0,0,""
64,52,"D64",2,3,16,32,1,1,0,0,0,""
64,53,"QD64",2,3,16,32,1,1,0,0,0,""
64,54,"Q64",2,3,16,32,1,1,0,0,0,""
64,73,"(C2 x C2 x D8) : C2",2,10,4,8,1,1,0,0,0,""
64,73,"(C2 x C2 x D8) : C2",3,12,4,8,1,1,0,0,0,""
64,73,"(C2 x C2 x D8) : C2",4,13,4,8,1,1,0,0,0,""
64,73,"(C2 x C2 x D8) : C2",8,18,4,8,1,1,0,0,0,""
64,73,"(C2 x C2 x D8) : C2",9,19,4,8,1,1,0,0,0,""
64,73,"(C2 x C2 x D8) : C2",11,20,4,8,1,1,0,0,0,""
64,73,"(C2 x C2 x D8) : C2",17,22,4,8,1,1,0,0,0,""
64,74,"((C4 x C2) : C4) : C2",2,10,4,8,1,1,0,0,0,""
64,74,"((C4 x C2) : C4) : C2",3,12,4,8,1,1,0,0,0,""
64,74,"((C4 x C2) : C4) : C2",4,13,4,8,1,1,0,0,0,""
64,74,"((C4 x C2) : C4) : C2",8,18,4,8,1,1,0,0,0,""
64,74,"((C4 x C2) : C4) : C2",9,19,4,8,1,1,0,0,0,""
64,74,"((C4 x C2) : C4) : C2",11,20,4,8,1,1,0,0,0,""
64,74,"((C4 x C2) : C4) : C2",17,22,4,8,1,1,0,0,0,""
64,75,"(C2 x ((C4 x C2) : C2)) : C2",2,10,4,8,1,1,0,0,0,""
64,75,"(C2 x ((C4 x C2) : C2)) : C2",3,12,4,8,1,1,0,0,0,""
64,75,"(C2 x ((C4 x C2) : C2)) : C2",4,13,4,8,1,1,0,0,0,""
64,75,"(C2 x ((C4 x C2) : C2)) : C2",8,18,4,8,1,1,0,0,0,""
64,75,"(C2 x ((C4 x C2) : C2)) : C2",9,19,4,8,1,1,0,0,0,""
64,75,"(C2 x ((C4 x C2) : C2)) : C2",11,20,4,8,1,1,0,0,0,""
64,75,"(C2 x ((C4 x C2) : C2)) : C2",17,22,4,8,1,1,0,0,0,""
64,76,"(C4 x C2) : Q8",2,10,4,8,1,1,0,0,0,""
64,76,"(C4 x C2) : Q8",3,12,4,8,1,1,0,0,0,""
64,76,"(C4 x C2) : Q8",4,13,4,8,1,1,0,0,0,""
64,76,"(C4 x C2) : Q8",8,18,4,8,1,1,0,0,0,""
64,76,"(C4 x C2) : Q8",9,19,4,8,1,1,0,0,0,""
64,76,"(C4 x C2) : Q8",11,20,4,8,1,1,0,0,0,""
64,76,"(C4 x C2) : Q8",17,22,4,8,1,1,0,0,0,""
64,77,"(C2 x (C4 : C4)) : C2",2,10,4,8,1,1,0,0,0,""
64,77,"(C2 x (C4 : C4)) : C2",3,12,4,8,1,1,0,0,0,""
64,77,"(C2 x (C4 : C4)) : C2",4,13,4,8,1,1,0,0,0,""
64,77,"(C2 x (C4 : C4)) : C2",8,18,4,8,1,1,0,0,0,""
64,77,"(C2 x (C4 : C4)) : C2",9,19,4,8,1,1,0,0,0,""
64,77,"(C2 x (C4 : C4)) : C2",11,20,4,8,1,1,0,0,0,""
64,77,"(C2 x (C4 : C4)) : C2",17,22,4,8,1,1,0,0,0,""
64,78,"(C2 x (C4 : C4)) : C2",2,10,4,8,1,1,0,0,0,""
64,78,"(C2 x (C4 : C4)) : C2",3,12,4,8,1,1,0,0,0,""
64,78,"(C2 x (C4 : C4)) : C2",4,13,4,8,1,1,0,0,0,""
64,78,"(C2 x (C4 : C4)) : C2",8,18,4,8,1,1,0,0,0,""
64,78,"(C2 x (C4 : C4)) : C2",9,19,4,8,1,1,0,0,0,""
64,78,"(C2 x (C4 : C4)) : C2",11,20,4,8,1,1,0,0,0,""
64,78,"(C2 x (C4 : C4)) : C2",17,22,4,8,1,1,0,0,0,""
64,79,"(C2 x C2 x C2) . (C2 x C2 x C2)",2,10,4,8,1,1,0,0,0,""
64,79,"(C2 x C2 x C2) . (C2 x C2 x C2)",3,12,4,8,1,1,0,0,0,""
64,79,"(C2 x C2 x C2) . (C2 x C2 x C2)",4,13,4,8,1,1,0,0,0,""
64,79,"(C2 x C2 x C2) . (C2 x C2 x C2)",8,18,4,8,1,1,0,0,0,""
64,79,"(C2 x C2 x C2) . (C2 x C2 x C2)",9,19,4,8,1,1,0,0,0,""
64,79,"(C2 x C2 x C2) . (C2 x C2 x C2)",11,20,4,8,1,1,0,0,0,""
64,79,"(C2 x C2 x C2) . (C2 x C2 x C2)",17,22,4,8,1,1,0,0,0,""
64,80,"((C4 x C2) : C4) : C2",2,10,4,8,1,1,0,0,0,""
64,80,"((C4 x C2) : C4) : C2",3,12,4,8,1,1,0,0,0,""
64,80,"((C4 x C2) : C4) : C2",4,13,4,8,1,1,0,0,0,""
64,80,"((C4 x C2) : C4) : C2",8,18,4,8,1,1,0,0,0,""
64,80,"((C4 x C2) : C4) : C2",9,19,4,8,1,1,0,0,0,""
64,80,"((C4 x C2) : C4) : C2",11,20,4,8,1,1,0,0,0,""
64,80,"((C4 x C2) : C4) : C2",17,22,4,8,1,1,0,0,0,""
64,81,"(C2 x C2 x C2) . (C2 x C2 x C2)",2,10,4,8,1,1,0,0,0,""
64,81,"(C2 x C2 x C2) . (C2 x C2 x C2)",3,12,4,8,1,1,0,0,0,""
64,81,"(C2 x C2 x C2) . (C2 x C2 x C2)",4,13,4,8,1,1,0,0,0,""
64,81,"(C2 x C2 x C2) . (C2 x C2 x C2)",8,18,4,8,1,1,0,0,0,""
64,81,"(C2 x C2 x C2) . (C2 x C2 x C2)",9,19,4,8,1,1,0,0,0,""
64,81,"(C2 x C2 x C2) . (C2 x C2 x C2)",11,20,4,8,1,1,0,0,0,""
64,81,"(C2 x C2 x C2) . (C2 x C2 x C2)",17,22,4,8,1,1,0,0,0,""
64,82,"(C2 x C2 x C2) . (C2 x C2 x C2)",2,10,4,8,1,1,0,0,0,""
64,82,"(C2 x C2 x C2) . (C2 x C2 x C2)",3,12,4,8,1,1,0,0,0,""
64,82,"(C2 x C2 x C2) . (C2 x C2 x C2)",4,13,4,8,1,1,0,0,0,""
64,82,"(C2 x C2 x C2) . (C2 x C2 x C2)",8,18,4,8,1,1,0,0,0,""
64,82,"(C2 x C2 x C2) . (C2 x C2 x C2)",9,19,4,8,1,1,0,0,0,""
64,82,"(C2 x C2 x C2) . (C2 x C2 x C2)",11,20,4,8,1,1,0,0,0,""
64,82,"(C2 x C2 x C2) . (C2 x C2 x C2)",17,22,4,8,1,1,0,0,0,""
64,90,"C2 x ((C2 x C2 x C2) : C4)",4,15,1,2,1,1,0,0,0,""
64,91,"((C4 x C4) : C2) : C2",4,15,1,2,1,1,0,0,0,""
64,92,"C2 x ((C8 : C2) : C2)",4,15,1,2,1,1,0,0,0,""
64,93,"C2 x (C2 . ((C4 x C2) : C2) = (C2 x C2) . (C4 x C2))",4,15,1,2,1,1,0,0,0,""
64,94,"(C2 x (C8 : C2)) : C2",4,15,1,2,1,1,0,0,0,""
64,98,"(C2 x (C4 : C4)) : C2",6,16,1,2,1,1,0,0,0,""
64,99,"((C4 x C4) : C2) : C2",6,16,1,2,1,1,0,0,0,""
64,100,"(Q8 : C4) : C2",6,16,1,2,1,1,0,0,0,""
64,102,"(C2 x (C8 : C2)) : C2",6,16,1,2,1,1,0,0,0,""
64,109,"(C8 : C4) : C2",6,16,1,2,1,1,0,0,0,""
64,111,"(C4 . D8 = C4 . (C4 x C2)) : C2",6,16,1,2,1,1,0,0,0,""
64,121,"(C4 x Q8) : C2",6,16,1,2,1,1,0,0,0,""
64,122,"Q16 : C4",6,16,1,2,1,1,0,0,0,""
64,123,"(C4 x D8) : C2",6,16,1,2,1,1,0,0,0,""
64,125,"((C8 x C2) : C2) : C2",6,16,1,2,1,1,0,0,0,""
64,128,"((C4 x C2 x C2) : C2) : C2",3,11,4,8,1,1,0,0,0,""
64,128,"((C4 x C2 x C2) : C2) : C2",10,18,4,8,1,1,0,0,0,""
64,129,"(C2 x QD16) : C2",3,11,4,8,1,1,0,0,0,""
64,129,"(C2 x QD16) : C2",10,18,4,8,1,1,0,0,0,""
64,130,"((C4 x C2 x C2) : C2) : C2",3,11,4,8,1,1,0,0,0,""
64,130,"((C4 x C2 x C2) : C2) : C2",10,18,4,8,1,1,0,0,0,""
64,131,"((C2 x Q8) : C2) : C2",3,11,4,8,1,1,0,0,0,""
64,131,"((C2 x Q8) : C2) : C2",10,18,4,8,1,1,0,0,0,""
64,132,"(C2 x Q16) : C2",3,11,4,8,1,1,0,0,0,""
64,132,"(C2 x Q16) : C2",10,18,4,8,1,1,0,0,0,""
64,133,"((C2 x Q8) : C2) : C2",3,11,4,8,1,1,0,0,0,""
64,133,"((C2 x Q8) : C2) : C2",10,18,4,8,1,1,0,0,0,""
64,134,"((C4 x C4) : C2) : C2",3,11,4,8,1,1,0,0,0,""
64,134,"((C4 x C4) : C2) : C2",4,12,4,8,1,1,0,0,0,""
64,134,"((C4 x C4) : C2) : C2",9,15,4,8,4,8,1,1,0,"true"
64,134,"((C4 x C4) : C2) : C2",10,16,4,8,1,1,0,0,0,""
64,135,"((C4 x C4) : C2) : C2",3,11,4,8,1,1,0,0,0,""
64,135,"((C4 x C4) : C2) : C2",4,12,4,8,1,1,0,0,0,""
64,135,"((C4 x C4) : C2) : C2",9,15,4,8,4,8,1,1,0,"true"
64,135,"((C4 x C4) : C2) : C2",10,16,4,8,1,1,0,0,0,""
64,136,"((C4 x C4) : C2) : C2",3,11,4,8,1,1,0,0,0,""
64,136,"((C4 x C4) : C2) : C2",4,12,4,8,1,1,0,0,0,""
64,136,"((C4 x C4) : C2) : C2",9,15,4,8,4,8,1,1,0,"true"
64,136,"((C4 x C4) : C2) : C2",10,16,4,8,1,1,0,0,0,""
64,137,"(C4 : Q8) : C2",3,11,4,8,1,1,0,0,0,""
64,137,"(C4 : Q8) : C2",4,12,4,8,1,1,0,0,0,""
64,137,"(C4 : Q8) : C2",9,15,4,8,4,8,1,1,0,"true"
64,137,"(C4 : Q8) : C2",10,16,4,8,1,1,0,0,0,""
64,138,"((C2 x C2 x C2 x C2) : C2) : C2",2,10,4,8,4,8,3,3,0,"true;true;true"
64,138,"((C2 x C2 x C2 x C2) : C2) : C2",3,12,4,8,1,1,0,0,0,""
64,138,"((C2 x C2 x C2 x C2) : C2) : C2",4,13,4,8,1,1,0,0,0,""
64,138,"((C2 x C2 x C2 x C2) : C2) : C2",11,16,4,8,1,1,0,0,0,""
64,139,"((C4 x C2 x C2) : C2) : C2",2,10,4,8,4,8,3,3,0,"true;true;true"
64,139,"((C4 x C2 x C2) : C2) : C2",3,12,4,8,1,1,0,0,0,""
64,139,"((C4 x C2 x C2) : C2) : C2",4,13,4,8,1,1,0,0,0,""
64,139,"((C4 x C2 x C2) : C2) : C2",11,16,4,8,1,1,0,0,0,""
64,140,"(C2 x D16) : C2",4,13,4,8,1,1,0,0,0,""
64,140,"(C2 x D16) : C2",10,18,4,8,1,1,0,0,0,""
64,141,"(C2 x QD16) : C2",4,13,4,8,1,1,0,0,0,""
64,141,"(C2 x QD16) : C2",10,18,4,8,1,1,0,0,0,""
64,142,"(Q8 : C4) : C2",4,13,4,8,1,1,0,0,0,""
64,142,"(Q8 : C4) : C2",10,18,4,8,1,1,0,0,0,""
64,143,"C4 : Q16",4,13,4,8,1,1,0,0,0,""
64,143,"C4 : Q16",10,18,4,8,1,1,0,0,0,""
64,144,"((C8 x C2) : C2) : C2",4,13,4,8,1,1,0,0,0,""
64,144,"((C8 x C2) : C2) : C2",10,18,4,8,1,1,0,0,0,""
64,145,"(C4 x Q8) : C2",4,13,4,8,1,1,0,0,0,""
64,145,"(C4 x Q8) : C2",10,18,4,8,1,1,0,0,0,""
64,149,"((C8 x C2) : C2) : C2",3,11,4,8,1,1,0,0,0,""
64,149,"((C8 x C2) : C2) : C2",4,12,4,8,1,1,0,0,0,""
64,149,"((C8 x C2) : C2) : C2",6,14,1,2,1,1,0,0,0,""
64,149,"((C8 x C2) : C2) : C2",10,16,4,8,1,1,0,0,0,""
64,150,"((C4 x C2 x C2) : C2) : C2",3,11,4,8,1,1,0,0,0,""
64,150,"((C4 x C2 x C2) : C2) : C2",4,12,4,8,1,1,0,0,0,""
64,150,"((C4 x C2 x C2) : C2) : C2",6,14,1,2,1,1,0,0,0,""
64,150,"((C4 x C2 x C2) : C2) : C2",10,16,4,8,1,1,0,0,0,""
64,151,"(Q8 : C4) : C2",3,11,4,8,1,1,0,0,0,""
64,151,"(Q8 : C4) : C2",4,12,4,8,1,1,0,0,0,""
64,151,"(Q8 : C4) : C2",6,14,1,2,1,1,0,0,0,""
64,151,"(Q8 : C4) : C2",10,16,4,8,1,1,0,0,0,""
64,152,"((C8 : C2) : C2) : C2",3,12,2,4,2,2,0,0,0,""
64,152,"((C8 : C2) : C2) : C2",4,13,4,8,1,1,0,0,0,""
64,152,"((C8 : C2) : C2) : C2",10,16,4,8,1,1,0,0,0,""
64,153,"(C8 : (C2 x C2)) : C2",3,12,2,4,2,2,0,0,0,""
64,153,"(C8 : (C2 x C2)) : C2",4,13,4,8,1,1,0,0,0,""
64,153,"(C8 : (C2 x C2)) : C2",10,16,4,8,1,1,0,0,0,""
64,154,"(C2 . ((C4 x C2) : C2) = (C2 x C2) . (C4 x C2)) : C2",3,12,2,4,2,2,0,0,0,""
64,154,"(C2 . ((C4 x C2) : C2) = (C2 x C2) . (C4 x C2)) : C2",4,13,4,8,1,1,0,0,0,""
64,154,"(C2 . ((C4 x C2) : C2) = (C2 x C2) . (C4 x C2)) : C2",10,16,4,8,1,1,0,0,0,""
64,155,"(C8 : C4) : C2",4,13,4,8,1,1,0,0,0,""
64,155,"(C8 : C4) : C2",10,18,4,8,1,1,0,0,0,""
64,156,"Q8 : Q8",4,13,4,8,1,1,0,0,0,""
64,156,"Q8 : Q8",10,18,4,8,1,1,0,0,0,""
64,157,"(C8 : C4) : C2",4,13,4,8,1,1,0,0,0,""
64,157,"(C8 : C4) : C2",10,18,4,8,1,1,0,0,0,""
64,158,"Q8 : Q8",4,13,4,8,1,1,0,0,0,""
64,158,"Q8 : Q8",10,18,4,8,1,1,0,0,0,""
64,159,"(C8 : C4) : C2",4,13,4,8,1,1,0,0,0,""
64,159,"(C8 : C4) : C2",10,18,4,8,1,1,0,0,0,""
64,160,"(C2 x C2) . (C2 x D8) = (C4 x C2) . (C2 x C2 x C2)",4,13,4,8,1,1,0,0,0,""
64,160,"(C2 x C2) . (C2 x D8) = (C4 x C2) . (C2 x C2 x C2)",10,18,4,8,1,1,0,0,0,""
64,161,"((C8 x C2) : C2) : C2",4,13,4,8,1,1,0,0,0,""
64,161,"((C8 x C2) : C2) : C2",10,18,4,8,1,1,0,0,0,""
64,162,"((C8 x C2) : C2) : C2",4,13,4,8,1,1,0,0,0,""
64,162,"((C8 x C2) : C2) : C2",10,18,4,8,1,1,0,0,0,""
64,163,"((C8 x C2) : C2) : C2",4,13,4,8,1,1,0,0,0,""
64,163,"((C8 x C2) : C2) : C2",10,18,4,8,1,1,0,0,0,""
64,164,"(Q8 : C4) : C2",4,13,4,8,1,1,0,0,0,""
64,164,"(Q8 : C4) : C2",10,18,4,8,1,1,0,0,0,""
64,165,"(Q8 : C4) : C2",4,13,4,8,1,1,0,0,0,""
64,165,"(Q8 : C4) : C2",10,18,4,8,1,1,0,0,0,""
64,166,"(Q8 : C4) : C2",4,13,4,8,1,1,0,0,0,""
64,166,"(Q8 : C4) : C2",10,18,4,8,1,1,0,0,0,""
64,170,"(C8 : C4) : C2",3,11,4,8,1,1,0,0,0,""
64,170,"(C8 : C4) : C2",4,12,4,8,1,1,0,0,0,""
64,170,"(C8 : C4) : C2",10,15,4,8,1,1,0,0,0,""
64,170,"(C8 : C4) : C2",13,16,1,2,1,1,0,0,0,""
64,171,"((C8 x C2) : C2) : C2",3,11,4,8,1,1,0,0,0,""
64,171,"((C8 x C2) : C2) : C2",4,12,4,8,1,1,0,0,0,""
64,171,"((C8 x C2) : C2) : C2",10,15,4,8,1,1,0,0,0,""
64,171,"((C8 x C2) : C2) : C2",13,16,1,2,1,1,0,0,0,""
64,172,"(C2 x C2) . (C2 x D8) = (C4 x C2) . (C2 x C2 x C2)",3,11,4,8,1,1,0,0,0,""
64,172,"(C2 x C2) . (C2 x D8) = (C4 x C2) . (C2 x C2 x C2)",4,12,4,8,1,1,0,0,0,""
64,172,"(C2 x C2) . (C2 x D8) = (C4 x C2) . (C2 x C2 x C2)",10,15,4,8,1,1,0,0,0,""
64,172,"(C2 x C2) . (C2 x D8) = (C4 x C2) . (C2 x C2 x C2)",13,16,1,2,1,1,0,0,0,""
64,177,"((C4 x C4) : C2) : C2",3,11,4,8,1,1,0,0,0,""
64,177,"((C4 x C4) : C2) : C2",4,12,4,8,1,1,0,0,0,""
64,177,"((C4 x C4) : C2) : C2",6,14,1,2,1,1,0,0,0,""
64,177,"((C4 x C4) : C2) : C2",10,16,4,8,1,1,0,0,0,""
64,178,"(C4 : Q8) : C2",3,11,4,8,1,1,0,0,0,""
64,178,"(C4 : Q8) : C2",4,12,4,8,1,1,0,0,0,""
64,178,"(C4 : Q8) : C2",6,14,1,2,1,1,0,0,0,""
64,178,"(C4 : Q8) : C2",10,16,4,8,1,1,0,0,0,""
64,182,"C8 : Q8",3,11,4,8,1,1,0,0,0,""
64,182,"C8 : Q8",4,12,4,8,1,1,0,0,0,""
64,182,"C8 : Q8",5,14,1,2,1,1,0,0,0,""
64,182,"C8 : Q8",10,16,4,8,1,1,0,0,0,""
64,190,"((C8 x C2) : C2) : C2",5,13,2,4,2,2,0,0,0,""
64,191,"QD32 : C2",5,13,2,4,2,2,0,0,0,""
64,199,"(C2 x ((C4 x C2) : C2)) : C2",7,18,1,2,1,1,0,0,0,""
64,200,"(C4 x Q8) : C2",7,18,1,2,1,1,0,0,0,""
64,201,"((C4 x C4) : C2) : C2",7,18,1,2,1,1,0,0,0,""
64,215,"(C2 x C2 x D8) : C2",7,16,1,2,1,1,0,0,0,""
64,216,"(C2 x ((C4 x C2) : C2)) : C2",7,16,1,2,1,1,0,0,0,""
64,217,"((C4 x C4) : C2) : C2",7,16,1,2,1,1,0,0,0,""
64,218,"(C2 x ((C4 x C2) : C2)) : C2",7,16,1,2,1,1,0,0,0,""
64,219,"(C4 x D8) : C2",7,16,1,2,1,1,0,0,0,""
64,220,"(C4 x D8) : C2",7,16,1,2,1,1,0,0,0,""
64,221,"(C4 x D8) : C2",7,16,1,2,1,1,0,0,0,""
64,222,"(C4 x Q8) : C2",7,16,1,2,1,1,0,0,0,""
64,223,"(C4 x D8) : C2",7,16,1,2,1,1,0,0,0,""
64,224,"((C2 x Q8) : C2) : C2",7,16,1,2,1,1,0,0,0,""
64,225,"(C4 : Q8) : C2",7,16,1,2,1,1,0,0,0,""
64,241,"((C4 x C2 x C2) : C2) : C2",6,7,1,2,1,1,0,0,0,""
64,241,"((C4 x C2 x C2) : C2) : C2",6,14,1,2,1,1,0,0,0,""
64,241,"((C4 x C2 x C2) : C2) : C2",7,14,1,2,1,1,0,0,0,""
64,242,"((C4 x C4) : C2) : C2",6,7,1,2,1,1,0,0,0,""
64,242,"((C4 x C4) : C2) : C2",6,14,1,2,1,1,0,0,0,""
64,242,"((C4 x C4) : C2) : C2",7,14,1,2,1,1,0,0,0,""
64,243,"((C4 x C2 x C2) : C2) : C2",6,7,1,2,1,1,0,0,0,""
64,243,"((C4 x C2 x C2) : C2) : C2",6,14,1,2,1,1,0,0,0,""
64,243,"((C4 x C2 x C2) : C2) : C2",7,14,1,2,1,1,0,0,0,""
64,244,"(C4 : Q8) : C2",6,7,1,2,1,1,0,0,0,""
64,244,"(C4 : Q8) : C2",6,14,1,2,1,1,0,0,0,""
64,244,"(C4 : Q8) : C2",7,14,1,2,1,1,0,0,0,""
64,245,"(C2 x C2) . (C2 x C2 x C2 x C2)",6,7,1,2,1,1,0,0,0,""
64,245,"(C2 x C2) . (C2 x C2 x C2 x C2)",6,14,1,2,1,1,0,0,0,""
64,245,"(C2 x C2) . (C2 x C2 x C2 x C2)",7,14,1,2,1,1,0,0,0,""
64,249,"(C2 x (C8 : C2)) : C2",6,18,1,2,1,1,0,0,0,""
64,254,"C2 x (C8 : (C2 x C2))",5,16,1,2,1,1,0,0,0,""
64,255,"C2 x ((C2 x Q8) : C2)",5,16,1,2,1,1,0,0,0,""
64,256,"((C8 x C2) : C2) : C2",5,16,1,2,1,1,0,0,0,""
64,257,"(C2 x D16) : C2",8,18,2,4,2,2,0,0,0,""
64,258,"(C2 x QD16) : C2",8,18,2,4,2,2,0,0,0,""
64,259,"(C2 x Q16) : C2",8,18,2,4,2,2,0,0,0,""
64,264,"C2 x ((C2 x C2 x C2) : (C2 x C2))",6,18,1,2,1,1,0,0,0,""
64,265,"C2 x ((C2 x Q8) : C2)",6,18,1,2,1,1,0,0,0,""
64,266,"(C2 x ((C4 x C2) : C2)) : C2",6,18,1,2,1,1,0,0,0,""
68,1,"C17 : C4",2,5,17,34,1,1,0,0,0,""
68,3,"C17 : C4",2,5,17,34,1,1,0,0,0,""
68,4,"D68",2,5,17,34,1,1,0,0,0,""
72,4,"C9 : Q8",2,7,18,36,1,1,0,0,0,""
72,6,"D72",2,7,18,36,1,1,0,0,0,""
72,8,"(C18 x C2) : C2",2,7,18,36,1,1,0,0,0,""
72,15,"((C2 x C2) : C9) : C2",2,6,18,36,9,108,3,3,0,"true;true;true"
72,22,"(C6 x S3) : C2",8,13,6,12,1,1,0,0,0,""
72,22,"(C6 x S3) : C2",9,14,6,12,1,1,0,0,0,""
72,23,"(C6 x S3) : C2",8,13,6,12,1,1,0,0,0,""
72,23,"(C6 x S3) : C2",9,14,6,12,1,1,0,0,0,""
72,24,"(C3 x C3) : Q8",8,13,6,12,1,1,0,0,0,""
72,24,"(C3 x C3) : Q8",9,14,6,12,1,1,0,0,0,""
72,31,"(C3 x C3) : Q8",2,7,18,36,1,1,0,0,0,""
72,33,"(C12 x C3) : C2",2,7,18,36,1,1,0,0,0,""
72,35,"(C6 x C6) : C2",2,7,18,36,1,1,0,0,0,""
72,41,"(C3 x C3) : Q8",2,3,18,36,1,1,0,0,0,""
72,41,"(C3 x C3) : Q8",2,6,18,36,1,1,0,0,0,""
72,41,"(C3 x C3) : Q8",3,6,18,36,1,1,0,0,0,""
72,43,"(C3 x A4) : C2",2,6,18,36,9,108,3,3,0,"true;true;true"
72,43,"(C3 x A4) : C2",3,7,8,16,1,1,0,0,0,""
72,43,"(C3 x A4) : C2",3,9,8,16,1,1,0,0,0,""
72,43,"(C3 x A4) : C2",7,9,8,16,1,1,0,0,0,""
75,2,"(C5 x C5) : C3",2,5,25,50,1,1,0,0,0,""
76,1,"C19 : C4",2,5,19,38,1,1,0,0,0,""
76,3,"D76",2,5,19,38,1,1,0,0,0,""
78,1,"C13 : C6",4,7,6,12,11,462,0,0,0,""
80,6,"C40 : C2",2,7,20,40,1,1,0,0,0,""
80,7,"D80",2,7,20,40,1,1,0,0,0,""
80,8,"C5 : Q16",2,7,20,40,1,1,0,0,0,""
80,15,"(C5 x D8) : C2",7,12,10,20,2,2,0,0,0,""
80,16,"(C5 : Q8) : C2",7,12,10,20,2,2,0,0,0,""
80,17,"(C5 x Q8) : C2",7,12,10,20,2,2,0,0,0,""
80,18,"C5 : Q16",7,12,10,20,2,2,0,0,0,""
80,29,"(C5 : C8) : C2",4,11,5,10,1,1,0,0,0,""
80,29,"(C5 : C8) : C2",10,14,4,8,3,3,0,0,0,""
80,31,"C20 : C4",4,11,5,10,1,1,0,0,0,""
80,31,"C20 : C4",10,14,4,8,3,3,0,0,0,""
80,33,"(C5 : C8) : C2",4,11,5,10,1,1,0,0,0,""
80,33,"(C5 : C8) : C2",10,14,4,8,3,3,0,0,0,""
80,34,"(C10 x C2) : C4",4,11,5,10,1,1,0,0,0,""
80,34,"(C10 x C2) : C4",10,14,4,8,3,3,0,0,0,""
80,39,"D8 x D10",2,9,5,10,1,1,0,0,0,""
80,40,"(C4 x D10) : C2",7,15,5,10,1,1,0,0,0,""
80,41,"Q8 x D10",2,9,5,10,1,1,0,0,0,""
80,42,"(C4 x D10) : C2",7,15,5,10,1,1,0,0,0,""
80,49,"(C2 x C2 x C2 x C2) : C5",3,4,5,10,5,6,5,5,0,"true;true;true;true;true"
80,49,"(C2 x C2 x C2 x C2) : C5",3,5,5,10,5,6,5,5,0,"true;true;true;true;true"
80,49,"(C2 x C2 x C2 x C2) : C5",4,5,5,10,5,6,5,5,0,"true;true;true;true;true"
81,7,"(C3 x C3 x C3) : C3",4,10,3,6,1,1,0,0,0,""
81,8,"(C9 x C3) : C3",4,10,3,6,1,1,0,0,0,""
81,9,"(C9 x C3) : C3",4,10,3,6,1,1,0,0,0,""
81,10,"C3 . ((C3 x C3) : C3) = (C3 x C3) . (C3 x C3)",4,10,3,6,1,1,0,0,0,""
84,5,"C21 : C4",2,6,21,42,1,1,0,0,0,""
84,11,"(C14 x C2) : C3",2,5,28,56,1,1,0,0,0,""
84,14,"D84",2,6,21,42,1,1,0,0,0,""
88,3,"C11 : Q8",2,6,22,44,1,1,0,0,0,""
88,5,"D88",2,6,22,44,1,1,0,0,0,""
88,7,"(C22 x C2) : C2",2,6,22,44,1,1,0,0,0,""
92,1,"C23 : C4",2,5,23,46,1,1,0,0,0,""
92,3,"D92",2,5,23,46,1,1,0,0,0,""
93,1,"C31 : C3",2,4,31,62,1,1,0,0,0,""
96,3,"((C4 x C2) : C4) : C3",3,9,6,12,1,1,0,0,0,""
96,3,"((C4 x C2) : C4) : C3",10,11,6,12,1,1,0,0,0,""
96,6,"D96",2,8,24,48,1,1,0,0,0,""
96,7,"C3 : QD32",2,8,24,48,1,1,0,0,0,""
96,8,"C3 : Q32",2,8,24,48,1,1,0,0,0,""
96,13,"C3 : ((C2 x C2 x C2) : C4)",13,20,2,4,1,1,0,0,0,""
96,30,"C3 : ((C8 : C2) : C2)",13,20,2,4,1,1,0,0,0,""
96,31,"C3 : (C2 . ((C4 x C2) : C2) = (C2 x C2) . (C4 x C2))",13,20,2,4,1,1,0,0,0,""
96,33,"C3 : D32",9,16,8,16,1,1,0,0,0,""
96,34,"C3 : QD32",9,16,8,16,1,1,0,0,0,""
96,35,"C3 : QD32",9,16,8,16,1,1,0,0,0,""
96,36,"C3 : Q32",9,16,8,16,1,1,0,0,0,""
96,40,"C3 : ((C8 : C2) : C2)",14,20,2,4,1,1,0,0,0,""
96,41,"C3 : ((C2 x C2 x C2) : C4)",14,20,2,4,1,1,0,0,0,""
96,43,"C3 : (C2 . ((C4 x C2) : C2) = (C2 x C2) . (C4 x C2))",14,20,2,4,1,1,0,0,0,""
96,70,"((C2 x C2 x C2 x C2) : C2) : C3",4,9,6,12,9,108,23,23,0,"true;true;true;true;true;true;true;true;true;true;true;true;true;true;true;true;true;true;true;true;true;true;true"
96,71,"((C4 x C4) : C2) : C3",4,9,6,12,9,108,7,7,0,"true;true;true;true;true;true;true"
96,72,"((C4 x C4) : C2) : C3",4,9,6,12,9,108,3,3,0,"true;true;true"
96,85,"C3 : ((C2 x Q8) : C2)",2,10,6,12,1,1,0,0,0,""
96,85,"C3 : ((C2 x Q8) : C2)",8,19,6,12,1,1,0,0,0,""
96,86,"C3 : ((C4 x C4) : C2)",2,10,6,12,1,1,0,0,0,""
96,86,"C3 : ((C4 x C4) : C2)",8,19,6,12,1,1,0,0,0,""
96,89,"C3 : ((C2 x C2 x C2 x C2) : C2)",2,10,6,12,1,1,0,0,0,""
96,89,"C3 : ((C2 x C2 x C2 x C2) : C2)",8,19,6,12,1,1,0,0,0,""
96,90,"C3 : ((C4 x C2 x C2) : C2)",2,10,6,12,1,1,0,0,0,""
96,90,"C3 : ((C4 x C2 x C2) : C2)",8,19,6,12,1,1,0,0,0,""
96,91,"C3 : ((C4 x C2 x C2) : C2)",2,10,6,12,1,1,0,0,0,""
96,91,"C3 : ((C4 x C2 x C2) : C2)",8,19,6,12,1,1,0,0,0,""
96,92,"C3 : ((C4 x C4) : C2)",9,18,6,12,1,1,0,0,0,""
96,92,"C3 : ((C4 x C4) : C2)",17,23,6,12,1,1,0,0,0,""
96,93,"C3 : ((C4 x C2 x C2) : C2)",9,18,6,12,1,1,0,0,0,""
96,93,"C3 : ((C4 x C2 x C2) : C2)",17,23,6,12,1,1,0,0,0,""
96,95,"C3 : (C4 : Q8)",2,10,6,12,1,1,0,0,0,""
96,95,"C3 : (C4 : Q8)",8,19,6,12,1,1,0,0,0,""
96,96,"C3 : ((C2 x C2) . (C2 x C2 x C2))",2,10,6,12,1,1,0,0,0,""
96,96,"C3 : ((C2 x C2) . (C2 x C2 x C2))",8,19,6,12,1,1,0,0,0,""
96,97,"C3 : ((C2 x C2) . (C2 x C2 x C2))",2,10,6,12,1,1,0,0,0,""
96,97,"C3 : ((C2 x C2) . (C2 x C2 x C2))",8,19,6,12,1,1,0,0,0,""
96,101,"C3 : ((C4 x C2 x C2) : C2)",2,10,6,12,1,1,0,0,0,""
96,101,"C3 : ((C4 x C2 x C2) : C2)",8,19,6,12,1,1,0,0,0,""
96,102,"C3 : ((C4 x C2 x C2) : C2)",2,10,6,12,1,1,0,0,0,""
96,102,"C3 : ((C4 x C2 x C2) : C2)",8,19,6,12,1,1,0,0,0,""
96,103,"C3 : ((C2 x Q8) : C2)",2,10,6,12,1,1,0,0,0,""
96,103,"C3 : ((C2 x Q8) : C2)",8,19,6,12,1,1,0,0,0,""
96,104,"C3 : ((C2 x Q8) : C2)",2,10,6,12,1,1,0,0,0,""
96,104,"C3 : ((C2 x Q8) : C2)",8,19,6,12,1,1,0,0,0,""
96,105,"C3 : ((C4 x C4) : C2)",9,18,6,12,1,1,0,0,0,""
96,105,"C3 : ((C4 x C4) : C2)",17,23,6,12,1,1,0,0,0,""
96,115,"C3 : (C8 : (C2 x C2))",14,20,2,4,1,1,0,0,0,""
96,116,"C3 : ((C2 x Q8) : C2)",14,20,2,4,1,1,0,0,0,""
96,118,"C3 : (C8 : (C2 x C2))",2,10,6,12,1,1,0,0,0,""
96,118,"C3 : (C8 : (C2 x C2))",17,18,4,8,2,2,0,0,0,""
96,121,"C3 : (C8 : (C2 x C2))",2,10,6,12,1,1,0,0,0,""
96,121,"C3 : (C8 : (C2 x C2))",17,18,4,8,2,2,0,0,0,""
96,122,"C3 : ((C2 x Q8) : C2)",2,10,6,12,1,1,0,0,0,""
96,122,"C3 : ((C2 x Q8) : C2)",17,18,4,8,2,2,0,0,0,""
96,125,"C3 : ((C2 x Q8) : C2)",2,10,6,12,1,1,0,0,0,""
96,125,"C3 : ((C2 x Q8) : C2)",17,18,4,8,2,2,0,0,0,""
96,139,"C3 : (C8 : (C2 x C2))",18,21,2,4,1,1,0,0,0,""
96,142,"C3 : ((C4 x C2 x C2) : C2)",2,10,6,12,1,1,0,0,0,""
96,142,"C3 : ((C4 x C2 x C2) : C2)",8,19,6,12,1,1,0,0,0,""
96,143,"C3 : ((C4 x C4) : C2)",2,10,6,12,1,1,0,0,0,""
96,143,"C3 : ((C4 x C4) : C2)",8,19,6,12,1,1,0,0,0,""
96,144,"C3 : ((C2 x C2 x C2 x C2) : C2)",2,10,6,12,1,1,0,0,0,""
96,144,"C3 : ((C2 x C2 x C2 x C2) : C2)",8,19,6,12,1,1,0,0,0,""
96,145,"C3 : ((C4 x C2 x C2) : C2)",2,10,6,12,1,1,0,0,0,""
96,145,"C3 : ((C4 x C2 x C2) : C2)",8,19,6,12,1,1,0,0,0,""
96,146,"C3 : ((C4 x C2 x C2) : C2)",9,18,6,12,1,1,0,0,0,""
96,146,"C3 : ((C4 x C2 x C2) : C2)",17,23,6,12,1,1,0,0,0,""
96,147,"C3 : ((C4 x C4) : C2)",9,18,6,12,1,1,0,0,0,""
96,147,"C3 : ((C4 x C4) : C2)",17,23,6,12,1,1,0,0,0,""
96,149,"C3 : ((C2 x Q8) : C2)",18,21,2,4,1,1,0,0,0,""
96,151,"C3 : (C4 : Q8)",2,10,6,12,1,1,0,0,0,""
96,151,"C3 : (C4 : Q8)",8,19,6,12,1,1,0,0,0,""
96,153,"C3 : ((C2 x Q8) : C2)",2,10,6,12,1,1,0,0,0,""
96,153,"C3 : ((C2 x Q8) : C2)",8,19,6,12,1,1,0,0,0,""
96,154,"C3 : ((C4 x C4) : C2)",9,18,6,12,1,1,0,0,0,""
96,154,"C3 : ((C4 x C4) : C2)",17,23,6,12,1,1,0,0,0,""
96,156,"C3 : (C8 : (C2 x C2))",18,21,2,4,1,1,0,0,0,""
96,158,"C3 : ((C2 x Q8) : C2)",18,21,2,4,1,1,0,0,0,""
96,185,"A4 : Q8",9,14,8,16,1,1,0,0,0,""
96,187,"(C4 x A4) : C2",9,14,8,16,1,1,0,0,0,""
96,190,"(C2 x SL(2,3)) : C2",9,13,8,16,4,4,0,0,0,""
96,191,"(C2 . S4 = SL(2,3) . C2) : C2",9,13,8,16,4,4,0,0,0,""
96,193,"(((C4 x C2) : C2) : C3) : C2",9,13,8,16,4,4,0,0,0,""
96,195,"(C2 x C2 x A4) : C2",9,14,8,16,1,1,0,0,0,""
96,203,"(C2 x C2 x Q8) : C3",4,8,6,12,1,1,0,0,0,""
96,203,"(C2 x C2 x Q8) : C3",4,9,6,12,1,1,0,0,0,""
96,203,"(C2 x C2 x Q8) : C3",4,11,6,12,1,1,0,0,0,""
96,203,"(C2 x C2 x Q8) : C3",8,9,6,12,1,1,0,0,0,""
96,203,"(C2 x C2 x Q8) : C3",8,11,6,12,1,1,0,0,0,""
96,203,"(C2 x C2 x Q8) : C3",9,11,6,12,1,1,0,0,0,""
96,204,"((C2 x C2 x C2) : (C2 x C2)) : C3",3,4,6,12,1,1,0,0,0,""
96,204,"((C2 x C2 x C2) : (C2 x C2)) : C3",3,8,6,12,1,1,0,0,0,""
96,204,"((C2 x C2 x C2) : (C2 x C2)) : C3",3,9,6,12,1,1,0,0,0,""
96,204,"((C2 x C2 x C2) : (C2 x C2)) : C3",3,10,6,12,1,1,0,0,0,""
96,204,"((C2 x C2 x C2) : (C2 x C2)) : C3",4,8,6,12,1,1,0,0,0,""
96,204,"((C2 x C2 x C2) : (C2 x C2)) : C3",4,9,6,12,1,1,0,0,0,""
96,204,"((C2 x C2 x C2) : (C2 x C2)) : C3",4,10,6,12,1,1,0,0,0,""
96,204,"((C2 x C2 x C2) : (C2 x C2)) : C3",8,9,6,12,1,1,0,0,0,""
96,204,"((C2 x C2 x C2) : (C2 x C2)) : C3",8,10,6,12,1,1,0,0,0,""
96,204,"((C2 x C2 x C2) : (C2 x C2)) : C3",9,10,6,12,1,1,0,0,0,""
96,211,"C3 : ((C2 x C2 x C2) : (C2 x C2))",16,25,2,4,1,1,0,0,0,""
96,214,"C3 : ((C2 x Q8) : C2)",16,25,2,4,1,1,0,0,0,""
96,216,"C3 : ((C2 x C2 x C2) : (C2 x C2))",16,25,2,4,1,1,0,0,0,""
96,217,"C3 : ((C2 x Q8) : C2)",16,25,2,4,1,1,0,0,0,""
100,1,"C25 : C4",2,6,25,50,1,1,0,0,0,""
100,3,"C25 : C4",2,6,25,50,1,1,0,0,0,""
100,4,"D100",2,6,25,50,1,1,0,0,0,""
100,7,"(C5 x C5) : C4",2,6,25,50,1,1,0,0,0,""
100,10,"(C5 x C5) : C4",2,6,25,50,1,1,0,0,0,""
100,11,"(C5 x C5) : C4",2,6,25,50,1,1,0,0,0,""
100,11,"(C5 x C5) : C4",4,5,4,8,1,1,0,0,0,""
100,11,"(C5 x C5) : C4",4,7,4,8,1,1,0,0,0,""
100,11,"(C5 x C5) : C4",4,8,4,8,1,1,0,0,0,""
100,11,"(C5 x C5) : C4",4,9,4,8,1,1,0,0,0,""
100,11,"(C5 x C5) : C4",4,10,4,8,1,1,0,0,0,""
100,11,"(C5 x C5) : C4",5,7,4,8,1,1,0,0,0,""
100,11,"(C5 x C5) : C4",5,8,4,8,1,1,0,0,0,""
100,11,"(C5 x C5) : C4",5,9,4,8,1,1,0,0,0,""
100,11,"(C5 x C5) : C4",5,10,4,8,1,1,0,0,0,""
100,11,"(C5 x C5) : C4",7,8,4,8,1,1,0,0,0,""
100,11,"(C5 x C5) : C4",7,9,4,8,1,1,0,0,0,""
100,11,"(C5 x C5) : C4",7,10,4,8,1,1,0,0,0,""
100,11,"(C5 x C5) : C4",8,9,4,8,1,1,0,0,0,""
100,11,"(C5 x C5) : C4",8,10,4,8,1,1,0,0,0,""
100,11,"(C5 x C5) : C4",9,10,4,8,1,1,0,0,0,""
100,12,"(C5 x C5) : C4",2,6,25,50,1,1,0,0,0,""
100,12,"(C5 x C5) : C4",4,5,4,8,1,1,0,0,0,""
100,15,"C2 x ((C5 x C5) : C2)",2,6,25,50,1,1,0,0,0,""
104,4,"C13 : Q8",2,6,26,52,1,1,0,0,0,""
104,6,"D104",2,6,26,52,1,1,0,0,0,""
104,8,"C13 : D8",2,6,26,52,1,1,0,0,0,""
108,1,"C27 : C4",2,7,27,54,1,1,0,0,0,""
108,4,"D108",2,7,27,54,1,1,0,0,0,""
108,10,"(C9 x C3) : C4",2,7,27,54,1,1,0,0,0,""
108,15,"((C3 x C3) : C3) : C4",4,5,12,24,7,35,2,0,2,"false;false"
108,27,"C2 x ((C9 x C3) : C2)",2,7,27,54,1,1,0,0,0,""
108,34,"(C3 x C3 x C3) : C4",2,7,27,54,1,1,0,0,0,""
108,37,"(C3 x C3 x C3) : C4",2,7,27,54,1,1,0,0,0,""
108,37,"(C3 x C3 x C3) : C4",9,12,4,8,1,1,0,0,0,""
108,37,"(C3 x C3 x C3) : C4",10,11,4,8,1,1,0,0,0,""
108,40,"(C3 x C3 x C3) : (C2 x C2)",14,15,4,8,1,1,0,0,0,""
108,44,"C2 x ((C3 x C3 x C3) : C2)",2,7,27,54,1,1,0,0,0,""
111,1,"C37 : C3",2,4,37,74,1,1,0,0,0,""
112,5,"C7 : QD16",2,7,28,56,1,1,0,0,0,""
112,6,"D112",2,7,28,56,1,1,0,0,0,""
112,7,"C7 : Q16",2,7,28,56,1,1,0,0,0,""
112,14,"C7 : D16",7,12,14,28,2,2,0,0,0,""
112,15,"C7 : QD16",7,12,14,28,2,2,0,0,0,""
112,16,"C7 : QD16",7,12,14,28,2,2,0,0,0,""
112,17,"C7 : Q16",7,12,14,28,2,2,0,0,0,""
112,31,"D8 x D14",2,9,7,14,1,1,0,0,0,""
112,32,"C7 : ((C4 x C2) : C2)",7,15,7,14,1,1,0,0,0,""
112,33,"Q8 x D14",2,9,7,14,1,1,0,0,0,""
112,34,"C7 : ((C4 x C2) : C2)",7,15,7,14,1,1,0,0,0,""
116,1,"C29 : C4",2,5,29,58,1,1,0,0,0,""
116,3,"C29 : C4",2,5,29,58,1,1,0,0,0,""
116,4,"D116",2,5,29,58,1,1,0,0,0,""
120,11,"C3 : ((C10 x C2) : C2)",8,14,10,20,1,1,0,0,0,""
120,12,"C3 : D40",8,14,10,20,1,1,0,0,0,""
120,13,"C3 : ((C10 x C2) : C2)",8,14,10,20,1,1,0,0,0,""
120,14,"C3 : (C5 : Q8)",8,14,10,20,1,1,0,0,0,""
120,26,"C3 : (C5 : Q8)",2,7,30,60,1,1,0,0,0,""
120,28,"D120",2,7,30,60,1,1,0,0,0,""
120,30,"C3 : ((C10 x C2) : C2)",2,7,30,60,1,1,0,0,0,""
120,38,"C5 : S4",2,6,30,60,9,108,3,3,0,"true;true;true"
124,1,"C31 : C4",2,5,31,62,1,1,0,0,0,""
124,3,"D124",2,5,31,62,1,1,0,0,0,""
126,9,"C7 : (C3 x S3)",9,12,6,12,5,10,0,0,0,""
128,16,"((C4 x C2) : C4) : C4",4,17,2,4,1,1,0,0,0,""
128,16,"((C4 x C2) : C4) : C4",6,20,2,4,1,1,0,0,0,""
128,17,"(C8 : C4) : C4",4,17,2,4,1,1,0,0,0,""
128,17,"(C8 : C4) : C4",6,20,2,4,1,1,0,0,0,""
128,18,"(C8 x C4) : C4",4,17,2,4,1,1,0,0,0,""
128,18,"(C8 x C4) : C4",6,20,2,4,1,1,0,0,0,""
128,19,"(C2 x C2) . ((C4 x C2) : C4) = (C4 x C2) . (C4 x C4)",4,17,2,4,1,1,0,0,0,""
128,19,"(C2 x C2) . ((C4 x C2) : C4) = (C4 x C2) . (C4 x C4)",6,20,2,4,1,1,0,0,0,""
128,20,"(C8 x C4) : C4",4,17,2,4,1,1,0,0,0,""
128,20,"(C8 x C4) : C4",6,20,2,4,1,1,0,0,0,""
128,21,"((C4 x C2) : C4) : C4",4,17,2,4,1,1,0,0,0,""
128,21,"((C4 x C2) : C4) : C4",6,20,2,4,1,1,0,0,0,""
128,22,"(C2 x C2) . ((C4 x C2) : C4) = (C4 x C2) . (C4 x C4)",4,17,2,4,1,1,0,0,0,""
128,22,"(C2 x C2) . ((C4 x C2) : C4) = (C4 x C2) . (C4 x C4)",6,20,2,4,1,1,0,0,0,""
128,23,"(C2 x C2) . ((C4 x C2) : C4) = (C4 x C2) . (C4 x C4)",4,17,2,4,1,1,0,0,0,""
128,23,"(C2 x C2) . ((C4 x C2) : C4) = (C4 x C2) . (C4 x C4)",6,20,2,4,1,1,0,0,0,""
128,24,"(C2 x C2) . ((C4 x C2) : C4) = (C4 x C2) . (C4 x C4)",4,17,2,4,1,1,0,0,0,""
128,24,"(C2 x C2) . ((C4 x C2) : C4) = (C4 x C2) . (C4 x C4)",6,20,2,4,1,1,0,0,0,""
128,25,"(C2 x C2) . ((C4 x C2) : C4) = (C4 x C2) . (C4 x C4)",4,17,2,4,1,1,0,0,0,""
128,25,"(C2 x C2) . ((C4 x C2) : C4) = (C4 x C2) . (C4 x C4)",6,20,2,4,1,1,0,0,0,""
128,36,"(C2 x ((C4 x C2) : C2)) : C4",5,17,2,4,1,1,0,0,0,""
128,36,"(C2 x ((C4 x C2) : C2)) : C4",6,18,2,4,1,1,0,0,0,""
128,36,"(C2 x ((C4 x C2) : C2)) : C4",24,26,2,4,1,1,0,0,0,""
128,37,"(C2 x (C8 : C2)) : C4",5,17,2,4,1,1,0,0,0,""
128,37,"(C2 x (C8 : C2)) : C4",6,18,2,4,1,1,0,0,0,""
128,37,"(C2 x (C8 : C2)) : C4",24,26,2,4,1,1,0,0,0,""
128,38,"((C8 x C2) : C2) : C4",5,17,2,4,1,1,0,0,0,""
128,38,"((C8 x C2) : C2) : C4",6,18,2,4,1,1,0,0,0,""
128,38,"((C8 x C2) : C2) : C4",24,26,2,4,1,1,0,0,0,""
128,39,"(C2 x C2) . ((C4 x C2) : C4) = (C2 x C2 x C2) . (C4 x C4)",5,17,2,4,1,1,0,0,0,""
128,39,"(C2 x C2) . ((C4 x C2) : C4) = (C2 x C2 x C2) . (C4 x C4)",6,18,2,4,1,1,0,0,0,""
128,39,"(C2 x C2) . ((C4 x C2) : C4) = (C2 x C2 x C2) . (C4 x C4)",24,26,2,4,1,1,0,0,0,""
128,40,"(C2 x C2) . ((C4 x C2) : C4) = (C2 x C2 x C2) . (C4 x C4)",5,17,2,4,1,1,0,0,0,""
128,40,"(C2 x C2) . ((C4 x C2) : C4) = (C2 x C2 x C2) . (C4 x C4)",6,18,2,4,1,1,0,0,0,""
128,40,"(C2 x C2) . ((C4 x C2) : C4) = (C2 x C2 x C2) . (C4 x C4)",24,26,2,4,1,1,0,0,0,""
128,41,"(C2 x C2) . ((C4 x C2) : C4) = (C2 x C2 x C2) . (C4 x C4)",5,17,2,4,1,1,0,0,0,""
128,41,"(C2 x C2) . ((C4 x C2) : C4) = (C2 x C2 x C2) . (C4 x C4)",6,18,2,4,1,1,0,0,0,""
128,41,"(C2 x C2) . ((C4 x C2) : C4) = (C2 x C2 x C2) . (C4 x C4)",24,26,2,4,1,1,0,0,0,""
128,75,"(((C8 x C2) : C2) : C2) : C2",3,13,8,16,4,8,3,0,3,"false;false;false"
128,75,"(((C8 x C2) : C2) : C2) : C2",12,21,8,16,4,8,1,0,1,"false"
128,76,"(C2 x (C4 : C4)) : C4",3,13,8,16,4,8,3,0,3,"false;false;false"
128,76,"(C2 x (C4 : C4)) : C4",12,21,8,16,4,8,1,0,1,"false"
128,77,"((C4 x C2) : C8) : C2",3,13,8,16,4,8,3,0,3,"false;false;false"
128,77,"((C4 x C2) : C8) : C2",12,21,8,16,4,8,1,0,1,"false"
128,78,"(C2 x C2) . ((C2 x C2 x C2) : C4) = (C4 x C2 x C2) . (C4 x C2)",3,13,8,16,4,8,3,0,3,"false;false;false"
128,78,"(C2 x C2) . ((C2 x C2 x C2) : C4) = (C4 x C2 x C2) . (C4 x C2)",12,21,8,16,4,8,1,0,1,"false"
128,83,"((C4 x C2) : C4) : C4",3,13,8,16,4,8,1,0,1,"false"
128,83,"((C4 x C2) : C4) : C4",12,21,8,16,4,8,3,0,3,"false;false;false"
128,84,"((C4 x C2) : C4) : C4",3,13,8,16,4,8,1,0,1,"false"
128,84,"((C4 x C2) : C4) : C4",12,21,8,16,4,8,3,0,3,"false;false;false"
128,85,"(C2 x C2) . ((C2 x C2 x C2) : C4) = (C4 x C2 x C2) . (C4 x C2)",3,13,8,16,4,8,1,0,1,"false"
128,85,"(C2 x C2) . ((C2 x C2 x C2) : C4) = (C4 x C2 x C2) . (C4 x C2)",12,21,8,16,4,8,3,0,3,"false;false;false"
128,86,"(C2 x C2) . ((C2 x C2 x C2) : C4) = (C4 x C2 x C2) . (C4 x C2)",3,13,8,16,4,8,1,0,1,"false"
128,86,"(C2 x C2) . ((C2 x C2 x C2) : C4) = (C4 x C2 x C2) . (C4 x C2)",12,21,8,16,4,8,3,0,3,"false;false;false"
128,134,"((C4 : C8) : C2) : C2",3,12,8,16,4,8,3,3,0,"true;true;true"
128,135,"((C8 : C4) : C2) : C2",3,12,8,16,4,8,3,3,0,"true;true;true"
128,136,"((C8 : C4) : C2) : C2",3,12,8,16,4,8,3,3,0,"true;true;true"
128,137,"((C2 x C2) . ((C4 x C2) : C2) = (C4 x C2) . (C4 x C2)) : C2",3,12,8,16,4,8,3,3,0,"true;true;true"
128,138,"((C2 . ((C4 x C2) : C2) = (C2 x C2) . (C4 x C2)) : C2) : C2",5,12,8,16,1,1,0,0,0,""
128,138,"((C2 . ((C4 x C2) : C2) = (C2 x C2) . (C4 x C2)) : C2) : C2",11,14,8,16,4,8,1,1,0,"true"
128,139,"(C4 : Q8) : C4",5,12,8,16,1,1,0,0,0,""
128,139,"(C4 : Q8) : C4",11,14,8,16,4,8,1,1,0,"true"
128,140,"(((C2 x C2 x C2) : C4) : C2) : C2",5,12,8,16,1,1,0,0,0,""
128,140,"(((C2 x C2 x C2) : C4) : C2) : C2",11,16,4,8,1,1,0,0,0,""
128,140,"(((C2 x C2 x C2) : C4) : C2) : C2",15,17,4,8,1,1,0,0,0,""
128,141,"(C4 : Q8) : C4",5,12,8,16,1,1,0,0,0,""
128,141,"(C4 : Q8) : C4",11,16,4,8,1,1,0,0,0,""
128,141,"(C4 : Q8) : C4",15,17,4,8,1,1,0,0,0,""
128,142,"(C2 . ((C2 x C2 x C2) : C4) = (C4 x C2) . (C4 x C2)) : C2",5,12,8,16,1,1,0,0,0,""
128,142,"(C2 . ((C2 x C2 x C2) : C4) = (C4 x C2) . (C4 x C2)) : C2",11,16,4,8,1,1,0,0,0,""
128,142,"(C2 . ((C2 x C2 x C2) : C4) = (C4 x C2) . (C4 x C2)) : C2",15,17,4,8,1,1,0,0,0,""
128,143,"C2 . (((C2 x C2 x C2) : C4) : C2) = (C4 x C4) . (C4 x C2)",5,12,8,16,1,1,0,0,0,""
128,143,"C2 . (((C2 x C2 x C2) : C4) : C2) = (C4 x C4) . (C4 x C2)",11,16,4,8,1,1,0,0,0,""
128,143,"C2 . (((C2 x C2 x C2) : C4) : C2) = (C4 x C4) . (C4 x C2)",15,17,4,8,1,1,0,0,0,""
128,144,"((C2 x C2) . (C2 x C2 x C2)) : C4",5,12,8,16,1,1,0,0,0,""
128,144,"((C2 x C2) . (C2 x C2 x C2)) : C4",11,14,8,16,4,8,1,1,0,"true"
128,145,"C2 . ((C2 x Q8) : C4) = (C4 x C4) . (C4 x C2)",5,12,8,16,1,1,0,0,0,""
128,145,"C2 . ((C2 x Q8) : C4) = (C4 x C4) . (C4 x C2)",11,14,8,16,4,8,1,1,0,"true"
128,146,"((C2 x C2) . (C2 x C2 x C2)) : C4",5,12,8,16,1,1,0,0,0,""
128,161,"D128",2,3,32,64,1,1,0,0,0,""
128,162,"QD128",2,3,32,64,1,1,0,0,0,""
128,163,"Q128",2,3,32,64,1,1,0,0,0,""
128,194,"(((C8 x C2) : C2) : C2) : C2",4,17,2,4,1,1,0,0,0,""
128,194,"(((C8 x C2) : C2) : C2) : C2",15,29,2,4,1,1,0,0,0,""
128,195,"((C4 x C2) : C8) : C2",4,17,2,4,1,1,0,0,0,""
128,195,"((C4 x C2) : C8) : C2",15,29,2,4,1,1,0,0,0,""
128,196,"((C8 : C4) : C2) : C2",4,17,2,4,1,1,0,0,0,""
128,196,"((C8 : C4) : C2) : C2",15,29,2,4,1,1,0,0,0,""
128,197,"(((C8 x C2) : C2) : C2) : C2",4,17,2,4,1,1,0,0,0,""
128,197,"(((C8 x C2) : C2) : C2) : C2",15,29,2,4,1,1,0,0,0,""
128,198,"((C8 : C4) : C2) : C2",4,17,2,4,1,1,0,0,0,""
128,198,"((C8 : C4) : C2) : C2",15,29,2,4,1,1,0,0,0,""
128,199,"(C2 x C2) . (C2 x ((C4 x C2) : C2)) = (C2 x C2 x C2) . (C4 x C2 x C2)",4,17,2,4,1,1,0,0,0,""
128,199,"(C2 x C2) . (C2 x ((C4 x C2) : C2)) = (C2 x C2 x C2) . (C4 x C2 x C2)",15,29,2,4,1,1,0,0,0,""
128,200,"(C2 x ((C8 x C2) : C2)) : C2",4,17,2,4,1,1,0,0,0,""
128,200,"(C2 x ((C8 x C2) : C2)) : C2",16,29,2,4,1,1,0,0,0,""
128,201,"((C8 x C4) : C2) : C2",4,17,2,4,1,1,0,0,0,""
128,201,"((C8 x C4) : C2) : C2",16,29,2,4,1,1,0,0,0,""
128,202,"(C2 x C2) . (C2 x ((C4 x C2) : C2)) = (C2 x C2 x C2) . (C4 x C2 x C2)",4,17,2,4,1,1,0,0,0,""
128,202,"(C2 x C2) . (C2 x ((C4 x C2) : C2)) = (C2 x C2 x C2) . (C4 x C2 x C2)",16,29,2,4,1,1,0,0,0,""
128,203,"(C2 x ((C8 x C2) : C2)) : C2",4,17,2,4,1,1,0,0,0,""
128,203,"(C2 x ((C8 x C2) : C2)) : C2",16,29,2,4,1,1,0,0,0,""
128,204,"((C4 x C2) : C8) : C2",4,17,2,4,1,1,0,0,0,""
128,204,"((C4 x C2) : C8) : C2",16,29,2,4,1,1,0,0,0,""
128,205,"((C8 x C4) : C2) : C2",4,17,2,4,1,1,0,0,0,""
128,205,"((C8 x C4) : C2) : C2",16,29,2,4,1,1,0,0,0,""
128,236,"(C2 x ((C4 x C2) : C4)) : C2",6,19,2,4,1,1,0,0,0,""
128,236,"(C2 x ((C4 x C2) : C4)) : C2",16,28,2,4,1,1,0,0,0,""
128,237,"((C4 x C4) : C4) : C2",6,19,2,4,1,1,0,0,0,""
128,237,"((C4 x C4) : C4) : C2",16,28,2,4,1,1,0,0,0,""
128,238,"(C4 : Q8) : C4",6,19,2,4,1,1,0,0,0,""
128,238,"(C4 : Q8) : C4",16,28,2,4,1,1,0,0,0,""
128,239,"(C4 x ((C4 x C2) : C2)) : C2",6,19,2,4,1,1,0,0,0,""
128,239,"(C4 x ((C4 x C2) : C2)) : C2",16,28,2,4,1,1,0,0,0,""
128,240,"((C2 x Q8) : C4) : C2",6,19,2,4,1,1,0,0,0,""
128,240,"((C2 x Q8) : C4) : C2",16,28,2,4,1,1,0,0,0,""
128,241,"(C4 x (C4 : C4)) : C2",6,19,2,4,1,1,0,0,0,""
128,241,"(C4 x (C4 : C4)) : C2",16,28,2,4,1,1,0,0,0,""
128,242,"(((C4 x C2) : C4) : C2) : C2",4,16,2,4,1,1,0,0,0,""
128,242,"(((C4 x C2) : C4) : C2) : C2",6,18,2,4,1,1,0,0,0,""
128,242,"(((C4 x C2) : C4) : C2) : C2",17,25,2,4,1,1,0,0,0,""
128,243,"((C4 : C4) : C4) : C2",4,16,2,4,1,1,0,0,0,""
128,243,"((C4 : C4) : C4) : C2",6,18,2,4,1,1,0,0,0,""
128,243,"((C4 : C4) : C4) : C2",17,25,2,4,1,1,0,0,0,""
128,244,"((C4 x C4) : C4) : C2",4,16,2,4,1,1,0,0,0,""
128,244,"((C4 x C4) : C4) : C2",6,18,2,4,1,1,0,0,0,""
128,244,"((C4 x C4) : C4) : C2",17,25,2,4,1,1,0,0,0,""
128,245,"(((C4 x C2) : C4) : C2) : C2",4,16,2,4,1,1,0,0,0,""
128,245,"(((C4 x C2) : C4) : C2) : C2",6,18,2,4,1,1,0,0,0,""
128,245,"(((C4 x C2) : C4) : C2) : C2",17,25,2,4,1,1,0,0,0,""
128,246,"((C4 x C4) : C4) : C2",4,16,2,4,1,1,0,0,0,""
128,246,"((C4 x C4) : C4) : C2",6,18,2,4,1,1,0,0,0,""
128,246,"((C4 x C4) : C4) : C2",17,25,2,4,1,1,0,0,0,""
128,247,"(C4 x Q8) : C4",4,16,2,4,1,1,0,0,0,""
128,247,"(C4 x Q8) : C4",6,18,2,4,1,1,0,0,0,""
128,247,"(C4 x Q8) : C4",17,25,2,4,1,1,0,0,0,""
128,248,"(((C4 x C2) : C4) : C2) : C2",15,26,2,4,1,1,0,0,0,""
128,248,"(((C4 x C2) : C4) : C2) : C2",16,27,2,4,1,1,0,0,0,""
128,249,"((C4 x C4) : C4) : C2",15,26,2,4,1,1,0,0,0,""
128,249,"((C4 x C4) : C4) : C2",16,27,2,4,1,1,0,0,0,""
128,250,"(C4 : Q8) : C4",15,26,2,4,1,1,0,0,0,""
128,250,"(C4 : Q8) : C4",16,27,2,4,1,1,0,0,0,""
128,251,"(((C4 x C2) : C4) : C2) : C2",15,26,2,4,1,1,0,0,0,""
128,251,"(((C4 x C2) : C4) : C2) : C2",16,27,2,4,1,1,0,0,0,""
128,252,"((C2 x Q8) : C4) : C2",15,26,2,4,1,1,0,0,0,""
128,252,"((C2 x Q8) : C4) : C2",16,27,2,4,1,1,0,0,0,""
128,253,"((C4 x C4) : C4) : C2",15,26,2,4,1,1,0,0,0,""
128,253,"((C4 x C4) : C4) : C2",16,27,2,4,1,1,0,0,0,""
128,259,"(C4 x (C8 : C2)) : C2",6,19,2,4,1,1,0,0,0,""
128,259,"(C4 x (C8 : C2)) : C2",15,28,2,4,1,1,0,0,0,""
128,260,"((C2 x C2) . ((C4 x C2) : C2) = (C4 x C2) . (C4 x C2)) : C2",6,19,2,4,1,1,0,0,0,""
128,260,"((C2 x C2) . ((C4 x C2) : C2) = (C4 x C2) . (C4 x C2)) : C2",15,28,2,4,1,1,0,0,0,""
128,261,"(C4 x (C8 : C2)) : C2",6,19,2,4,1,1,0,0,0,""
128,261,"(C4 x (C8 : C2)) : C2",15,28,2,4,1,1,0,0,0,""
128,262,"(C2 x (C8 : C4)) : C2",6,19,2,4,1,1,0,0,0,""
128,262,"(C2 x (C8 : C4)) : C2",15,28,2,4,1,1,0,0,0,""
128,263,"((C2 x C2) . ((C4 x C2) : C2) = (C4 x C2) . (C4 x C2)) : C2",6,19,2,4,1,1,0,0,0,""
128,263,"((C2 x C2) . ((C4 x C2) : C2) = (C4 x C2) . (C4 x C2)) : C2",15,28,2,4,1,1,0,0,0,""
128,264,"(C2 x (C8 : C4)) : C2",6,19,2,4,1,1,0,0,0,""
128,264,"(C2 x (C8 : C4)) : C2",15,28,2,4,1,1,0,0,0,""
128,265,"((C8 : C4) : C2) : C2",4,16,2,4,1,1,0,0,0,""
128,265,"((C8 : C4) : C2) : C2",6,18,2,4,1,1,0,0,0,""
128,265,"((C8 : C4) : C2) : C2",17,25,2,4,1,1,0,0,0,""
128,266,"((C2 x C2) . ((C4 x C2) : C2) = (C4 x C2) . (C4 x C2)) : C2",4,16,2,4,1,1,0,0,0,""
128,266,"((C2 x C2) . ((C4 x C2) : C2) = (C4 x C2) . (C4 x C2)) : C2",6,18,2,4,1,1,0,0,0,""
128,266,"((C2 x C2) . ((C4 x C2) : C2) = (C4 x C2) . (C4 x C2)) : C2",17,25,2,4,1,1,0,0,0,""
128,267,"((C8 : C4) : C2) : C2",4,16,2,4,1,1,0,0,0,""
128,267,"((C8 : C4) : C2) : C2",6,18,2,4,1,1,0,0,0,""
128,267,"((C8 : C4) : C2) : C2",17,25,2,4,1,1,0,0,0,""
128,268,"((C8 : C4) : C2) : C2",4,16,2,4,1,1,0,0,0,""
128,268,"((C8 : C4) : C2) : C2",6,18,2,4,1,1,0,0,0,""
128,268,"((C8 : C4) : C2) : C2",17,25,2,4,1,1,0,0,0,""
128,269,"((C2 x C2) . ((C4 x C2) : C2) = (C4 x C2) . (C4 x C2)) : C2",4,16,2,4,1,1,0,0,0,""
128,269,"((C2 x C2) . ((C4 x C2) : C2) = (C4 x C2) . (C4 x C2)) : C2",6,18,2,4,1,1,0,0,0,""
128,269,"((C2 x C2) . ((C4 x C2) : C2) = (C4 x C2) . (C4 x C2)) : C2",17,25,2,4,1,1,0,0,0,""
128,277,"((C4 : C8) : C2) : C2",6,19,2,4,1,1,0,0,0,""
128,277,"((C4 : C8) : C2) : C2",15,28,2,4,1,1,0,0,0,""
128,278,"((C2 x C2) . ((C4 x C2) : C2) = (C4 x C2) . (C4 x C2)) : C2",6,19,2,4,1,1,0,0,0,""
128,278,"((C2 x C2) . ((C4 x C2) : C2) = (C4 x C2) . (C4 x C2)) : C2",15,28,2,4,1,1,0,0,0,""
128,279,"(C2 x (C4 : C8)) : C2",6,19,2,4,1,1,0,0,0,""
128,279,"(C2 x (C4 : C8)) : C2",15,28,2,4,1,1,0,0,0,""
128,280,"((C2 x C2) . ((C4 x C2) : C2) = (C4 x C2) . (C4 x C2)) : C2",6,19,2,4,1,1,0,0,0,""
128,280,"((C2 x C2) . ((C4 x C2) : C2) = (C4 x C2) . (C4 x C2)) : C2",15,28,2,4,1,1,0,0,0,""
128,281,"((C2 x C2) . ((C4 x C2) : C2) = (C4 x C2) . (C4 x C2)) : C2",6,19,2,4,1,1,0,0,0,""
128,281,"((C2 x C2) . ((C4 x C2) : C2) = (C4 x C2) . (C4 x C2)) : C2",15,28,2,4,1,1,0,0,0,""
128,282,"((C2 x C2) . ((C4 x C2) : C2) = (C4 x C2) . (C4 x C2)) : C2",6,19,2,4,1,1,0,0,0,""
128,282,"((C2 x C2) . ((C4 x C2) : C2) = (C4 x C2) . (C4 x C2)) : C2",15,28,2,4,1,1,0,0,0,""
128,283,"(C2 x (C4 : C8)) : C2",6,19,2,4,1,1,0,0,0,""
128,283,"(C2 x (C4 : C8)) : C2",15,28,2,4,1,1,0,0,0,""
128,284,"((C2 x C2) . ((C4 x C2) : C2) = (C4 x C2) . (C4 x C2)) : C2",6,19,2,4,1,1,0,0,0,""
128,284,"((C2 x C2) . ((C4 x C2) : C2) = (C4 x C2) . (C4 x C2)) : C2",15,28,2,4,1,1,0,0,0,""
128,285,"((C4 : C8) : C2) : C2",6,19,2,4,1,1,0,0,0,""
128,285,"((C4 : C8) : C2) : C2",15,28,2,4,1,1,0,0,0,""
128,286,"((C2 x C2) . ((C4 x C2) : C2) = (C4 x C2) . (C4 x C2)) : C2",6,19,2,4,1,1,0,0,0,""
128,286,"((C2 x C2) . ((C4 x C2) : C2) = (C4 x C2) . (C4 x C2)) : C2",15,28,2,4,1,1,0,0,0,""
128,287,"((C4 : C8) : C2) : C2",4,16,2,4,1,1,0,0,0,""
128,287,"((C4 : C8) : C2) : C2",6,18,2,4,1,1,0,0,0,""
128,287,"((C4 : C8) : C2) : C2",17,25,2,4,1,1,0,0,0,""
128,288,"((C2 x C2) . ((C4 x C2) : C2) = (C4 x C2) . (C4 x C2)) : C2",4,16,2,4,1,1,0,0,0,""
128,288,"((C2 x C2) . ((C4 x C2) : C2) = (C4 x C2) . (C4 x C2)) : C2",6,18,2,4,1,1,0,0,0,""
128,288,"((C2 x C2) . ((C4 x C2) : C2) = (C4 x C2) . (C4 x C2)) : C2",17,25,2,4,1,1,0,0,0,""
128,289,"((C4 : C8) : C2) : C2",4,16,2,4,1,1,0,0,0,""
128,289,"((C4 : C8) : C2) : C2",6,18,2,4,1,1,0,0,0,""
128,289,"((C4 : C8) : C2) : C2",17,25,2,4,1,1,0,0,0,""
128,290,"((C2 x C2) . ((C4 x C2) : C2) = (C4 x C2) . (C4 x C2)) : C2",4,16,2,4,1,1,0,0,0,""
128,290,"((C2 x C2) . ((C4 x C2) : C2) = (C4 x C2) . (C4 x C2)) : C2",6,18,2,4,1,1,0,0,0,""
128,290,"((C2 x C2) . ((C4 x C2) : C2) = (C4 x C2) . (C4 x C2)) : C2",17,25,2,4,1,1,0,0,0,""
128,291,"((C2 x C2) . ((C4 x C2) : C2) = (C4 x C2) . (C4 x C2)) : C2",4,16,2,4,1,1,0,0,0,""
128,291,"((C2 x C2) . ((C4 x C2) : C2) = (C4 x C2) . (C4 x C2)) : C2",6,18,2,4,1,1,0,0,0,""
128,291,"((C2 x C2) . ((C4 x C2) : C2) = (C4 x C2) . (C4 x C2)) : C2",17,25,2,4,1,1,0,0,0,""
128,292,"((C4 : C8) : C2) : C2",4,16,2,4,1,1,0,0,0,""
128,292,"((C4 : C8) : C2) : C2",6,18,2,4,1,1,0,0,0,""
128,292,"((C4 : C8) : C2) : C2",17,25,2,4,1,1,0,0,0,""
128,293,"((C2 x C2) . ((C4 x C2) : C2) = (C4 x C2) . (C4 x C2)) : C2",4,16,2,4,1,1,0,0,0,""
128,293,"((C2 x C2) . ((C4 x C2) : C2) = (C4 x C2) . (C4 x C2)) : C2",6,18,2,4,1,1,0,0,0,""
128,293,"((C2 x C2) . ((C4 x C2) : C2) = (C4 x C2) . (C4 x C2)) : C2",17,25,2,4,1,1,0,0,0,""
128,327,"((C2 x C2 x D8) : C2) : C2",2,11,8,16,4,8,3,1,2,"true;false;false"
128,327,"((C2 x C2 x D8) : C2) : C2",3,13,8,16,1,1,0,0,0,""
128,327,"((C2 x C2 x D8) : C2) : C2",10,21,8,16,4,8,1,1,0,"true"
128,327,"((C2 x C2 x D8) : C2) : C2",12,22,8,16,1,1,0,0,0,""
128,328,"(((C8 x C2) : C2) : C2) : C2",2,11,8,16,4,8,3,1,2,"true;false;false"
128,328,"(((C8 x C2) : C2) : C2) : C2",3,13,8,16,1,1,0,0,0,""
128,328,"(((C8 x C2) : C2) : C2) : C2",10,21,8,16,4,8,1,1,0,"true"
128,328,"(((C8 x C2) : C2) : C2) : C2",12,22,8,16,1,1,0,0,0,""
128,329,"((C2 x ((C4 x C2) : C2)) : C2) : C2",2,11,8,16,4,8,3,1,2,"true;false;false"
128,329,"((C2 x ((C4 x C2) : C2)) : C2) : C2",3,13,8,16,1,1,0,0,0,""
128,329,"((C2 x ((C4 x C2) : C2)) : C2) : C2",10,21,8,16,4,8,1,1,0,"true"
128,329,"((C2 x ((C4 x C2) : C2)) : C2) : C2",12,22,8,16,1,1,0,0,0,""
128,330,"((C2 x ((C4 x C2) : C2)) : C2) : C2",2,11,8,16,4,8,3,1,2,"true;false;false"
128,330,"((C2 x ((C4 x C2) : C2)) : C2) : C2",3,13,8,16,1,1,0,0,0,""
128,330,"((C2 x ((C4 x C2) : C2)) : C2) : C2",10,21,8,16,4,8,1,1,0,"true"
128,330,"((C2 x ((C4 x C2) : C2)) : C2) : C2",12,22,8,16,1,1,0,0,0,""
128,331,"(((C2 x C2) . (C2 x C2 x C2)) : C2) : C2",2,11,8,16,4,8,3,1,2,"true;false;false"
128,331,"(((C2 x C2) . (C2 x C2 x C2)) : C2) : C2",3,13,8,16,1,1,0,0,0,""
128,331,"(((C2 x C2) . (C2 x C2 x C2)) : C2) : C2",10,21,8,16,4,8,1,1,0,"true"
128,331,"(((C2 x C2) . (C2 x C2 x C2)) : C2) : C2",12,22,8,16,1,1,0,0,0,""
128,332,"((C2 x C2 x D8) : C2) : C2",2,11,8,16,4,8,3,1,2,"true;false;false"
128,332,"((C2 x C2 x D8) : C2) : C2",3,13,8,16,1,1,0,0,0,""
128,332,"((C2 x C2 x D8) : C2) : C2",10,21,8,16,4,8,1,1,0,"true"
128,332,"((C2 x C2 x D8) : C2) : C2",12,22,8,16,1,1,0,0,0,""
128,333,"((C2 x C2 x Q8) : C2) : C2",2,11,8,16,4,8,3,1,2,"true;false;false"
128,333,"((C2 x C2 x Q8) : C2) : C2",3,13,8,16,1,1,0,0,0,""
128,333,"((C2 x C2 x Q8) : C2) : C2",10,21,8,16,4,8,1,1,0,"true"
128,333,"((C2 x C2 x Q8) : C2) : C2",12,22,8,16,1,1,0,0,0,""
128,334,"((Q8 : C4) : C2) : C2",2,11,8,16,4,8,3,1,2,"true;false;false"
128,334,"((Q8 : C4) : C2) : C2",3,13,8,16,1,1,0,0,0,""
128,334,"((Q8 : C4) : C2) : C2",10,21,8,16,4,8,1,1,0,"true"
128,334,"((Q8 : C4) : C2) : C2",12,22,8,16,1,1,0,0,0,""
128,335,"((C4 x C2) : Q8) : C2",2,11,8,16,4,8,3,1,2,"true;false;false"
128,335,"((C4 x C2) : Q8) : C2",3,13,8,16,1,1,0,0,0,""
128,335,"((C4 x C2) : Q8) : C2",10,21,8,16,4,8,1,1,0,"true"
128,335,"((C4 x C2) : Q8) : C2",12,22,8,16,1,1,0,0,0,""
128,336,"((C4 x C2) : Q8) : C2",2,11,8,16,4,8,3,1,2,"true;false;false"
128,336,"((C4 x C2) : Q8) : C2",3,13,8,16,1,1,0,0,0,""
128,336,"((C4 x C2) : Q8) : C2",10,21,8,16,4,8,1,1,0,"true"
128,336,"((C4 x C2) : Q8) : C2",12,22,8,16,1,1,0,0,0,""
128,337,"(C4 x C2) : Q16",2,11,8,16,4,8,3,1,2,"true;false;false"
128,337,"(C4 x C2) : Q16",3,13,8,16,1,1,0,0,0,""
128,337,"(C4 x C2) : Q16",10,21,8,16,4,8,1,1,0,"true"
128,337,"(C4 x C2) : Q16",12,22,8,16,1,1,0,0,0,""
128,338,"((C2 x C2 x Q8) : C2) : C2",2,11,8,16,4,8,3,1,2,"true;false;false"
128,338,"((C2 x C2 x Q8) : C2) : C2",3,13,8,16,1,1,0,0,0,""
128,338,"((C2 x C2 x Q8) : C2) : C2",10,21,8,16,4,8,1,1,0,"true"
128,338,"((C2 x C2 x Q8) : C2) : C2",12,22,8,16,1,1,0,0,0,""
128,339,"((C2 x (C4 : C4)) : C2) : C2",2,11,8,16,4,8,3,1,2,"true;false;false"
128,339,"((C2 x (C4 : C4)) : C2) : C2",3,13,8,16,1,1,0,0,0,""
128,339,"((C2 x (C4 : C4)) : C2) : C2",10,21,8,16,4,8,1,1,0,"true"
128,339,"((C2 x (C4 : C4)) : C2) : C2",12,22,8,16,1,1,0,0,0,""
128,340,"((C8 : C4) : C2) : C2",2,11,8,16,4,8,3,1,2,"true;false;false"
128,340,"((C8 : C4) : C2) : C2",3,13,8,16,1,1,0,0,0,""
128,340,"((C8 : C4) : C2) : C2",10,21,8,16,4,8,1,1,0,"true"
128,340,"((C8 : C4) : C2) : C2",12,22,8,16,1,1,0,0,0,""
128,341,"((C2 x C2 x C2) . (C2 x C2 x C2)) : C2",2,11,8,16,4,8,3,1,2,"true;false;false"
128,341,"((C2 x C2 x C2) . (C2 x C2 x C2)) : C2",3,13,8,16,1,1,0,0,0,""
128,341,"((C2 x C2 x C2) . (C2 x C2 x C2)) : C2",10,21,8,16,4,8,1,1,0,"true"
128,341,"((C2 x C2 x C2) . (C2 x C2 x C2)) : C2",12,22,8,16,1,1,0,0,0,""
128,342,"((C2 x C2 x C2) . (C2 x C2 x C2)) : C2",2,11,8,16,4,8,3,1,2,"true;false;false"
128,342,"((C2 x C2 x C2) . (C2 x C2 x C2)) : C2",3,13,8,16,1,1,0,0,0,""
128,342,"((C2 x C2 x C2) . (C2 x C2 x C2)) : C2",10,21,8,16,4,8,1,1,0,"true"
128,342,"((C2 x C2 x C2) . (C2 x C2 x C2)) : C2",12,22,8,16,1,1,0,0,0,""
128,343,"(C2 x C2) . ((C2 x C2 x C2 x C2) : C2) = (C4 x C2 x C2) . (C2 x C2 x C2)",2,11,8,16,4,8,3,1,2,"true;false;false"
128,343,"(C2 x C2) . ((C2 x C2 x C2 x C2) : C2) = (C4 x C2 x C2) . (C2 x C2 x C2)",3,13,8,16,1,1,0,0,0,""
128,343,"(C2 x C2) . ((C2 x C2 x C2 x C2) : C2) = (C4 x C2 x C2) . (C2 x C2 x C2)",10,21,8,16,4,8,1,1,0,"true"
128,343,"(C2 x C2) . ((C2 x C2 x C2 x C2) : C2) = (C4 x C2 x C2) . (C2 x C2 x C2)",12,22,8,16,1,1,0,0,0,""
128,344,"((C2 x (C4 : C4)) : C2) : C2",2,11,8,16,4,8,3,1,2,"true;false;false"
128,344,"((C2 x (C4 : C4)) : C2) : C2",3,13,8,16,1,1,0,0,0,""
128,344,"((C2 x (C4 : C4)) : C2) : C2",10,21,8,16,4,8,1,1,0,"true"
128,344,"((C2 x (C4 : C4)) : C2) : C2",12,22,8,16,1,1,0,0,0,""
128,345,"((C2 x (C4 : C4)) : C2) : C2",2,11,8,16,4,8,3,1,2,"true;false;false"
128,345,"((C2 x (C4 : C4)) : C2) : C2",3,13,8,16,1,1,0,0,0,""
128,345,"((C2 x (C4 : C4)) : C2) : C2",10,21,8,16,4,8,1,1,0,"true"
128,345,"((C2 x (C4 : C4)) : C2) : C2",12,22,8,16,1,1,0,0,0,""
128,346,"((C8 : C4) : C2) : C2",2,11,8,16,4,8,3,1,2,"true;false;false"
128,346,"((C8 : C4) : C2) : C2",3,13,8,16,1,1,0,0,0,""
128,346,"((C8 : C4) : C2) : C2",10,21,8,16,4,8,1,1,0,"true"
128,346,"((C8 : C4) : C2) : C2",12,22,8,16,1,1,0,0,0,""
128,347,"((C2 x C2 x C2) . (C2 x C2 x C2)) : C2",2,11,8,16,4,8,3,1,2,"true;false;false"
128,347,"((C2 x C2 x C2) . (C2 x C2 x C2)) : C2",3,13,8,16,1,1,0,0,0,""
128,347,"((C2 x C2 x C2) . (C2 x C2 x C2)) : C2",10,21,8,16,4,8,1,1,0,"true"
128,347,"((C2 x C2 x C2) . (C2 x C2 x C2)) : C2",12,22,8,16,1,1,0,0,0,""
128,348,"((C2 x C2 x C2) . (C2 x C2 x C2)) : C2",2,11,8,16,4,8,3,1,2,"true;false;false"
128,348,"((C2 x C2 x C2) . (C2 x C2 x C2)) : C2",3,13,8,16,1,1,0,0,0,""
128,348,"((C2 x C2 x C2) . (C2 x C2 x C2)) : C2",10,21,8,16,4,8,1,1,0,"true"
128,348,"((C2 x C2 x C2) . (C2 x C2 x C2)) : C2",12,22,8,16,1,1,0,0,0,""
128,349,"(C2 x C2) . ((C2 x C2 x C2 x C2) : C2) = (C4 x C2 x C2) . (C2 x C2 x C2)",2,11,8,16,4,8,3,1,2,"true;false;false"
128,349,"(C2 x C2) . ((C2 x C2 x C2 x C2) : C2) = (C4 x C2 x C2) . (C2 x C2 x C2)",3,13,8,16,1,1,0,0,0,""
128,349,"(C2 x C2) . ((C2 x C2 x C2 x C2) : C2) = (C4 x C2 x C2) . (C2 x C2 x C2)",10,21,8,16,4,8,1,1,0,"true"
128,349,"(C2 x C2) . ((C2 x C2 x C2 x C2) : C2) = (C4 x C2 x C2) . (C2 x C2 x C2)",12,22,8,16,1,1,0,0,0,""
128,350,"((C2 x (C4 : C4)) : C2) : C2",2,11,8,16,4,8,3,1,2,"true;false;false"
128,350,"((C2 x (C4 : C4)) : C2) : C2",3,13,8,16,1,1,0,0,0,""
128,350,"((C2 x (C4 : C4)) : C2) : C2",10,21,8,16,4,8,1,1,0,"true"
128,350,"((C2 x (C4 : C4)) : C2) : C2",12,22,8,16,1,1,0,0,0,""
128,351,"(((C4 x C4) : C2) : C2) : C2",3,12,8,16,1,1,0,0,0,""
128,352,"((C2 x QD16) : C2) : C2",3,12,8,16,1,1,0,0,0,""
128,353,"(((C8 x C2) : C2) : C2) : C2",3,12,8,16,1,1,0,0,0,""
128,354,"((C2 x QD16) : C2) : C2",3,12,8,16,1,1,0,0,0,""
128,355,"(Q8 x Q8) : C2",3,12,8,16,1,1,0,0,0,""
128,356,"(((C4 x C4) : C2) : C2) : C2",3,12,8,16,1,1,0,0,0,""
128,357,"(((C4 x C4) : C2) : C2) : C2",3,12,8,16,1,1,0,0,0,""
128,358,"(Q8 : Q8) : C2",3,12,8,16,1,1,0,0,0,""
128,359,"(((C8 x C2) : C2) : C2) : C2",3,12,8,16,1,1,0,0,0,""
128,360,"((C2 x QD16) : C2) : C2",3,12,8,16,1,1,0,0,0,""
128,361,"((C4 : Q8) : C2) : C2",3,12,8,16,1,1,0,0,0,""
128,362,"(Q8 : Q8) : C2",3,12,8,16,1,1,0,0,0,""
128,363,"(Q8 : Q8) : C2",3,12,8,16,1,1,0,0,0,""
128,364,"(Q8 : Q8) : C2",3,12,8,16,1,1,0,0,0,""
128,365,"Q8 : Q16",3,12,8,16,1,1,0,0,0,""
128,366,"((C4 : Q8) : C2) : C2",3,12,8,16,1,1,0,0,0,""
128,367,"((C4 : Q8) : C2) : C2",3,12,8,16,1,1,0,0,0,""
128,368,"(C2 x C2) . ((C2 x C2 x C2 x C2) : C2) = (C4 x C4) . (C2 x C2 x C2)",3,12,8,16,1,1,0,0,0,""
128,369,"(Q8 : Q8) : C2",3,12,8,16,1,1,0,0,0,""
128,370,"(Q8 : Q8) : C2",3,12,8,16,1,1,0,0,0,""
128,371,"((C4 : Q8) : C2) : C2",3,12,8,16,1,1,0,0,0,""
128,372,"(C4 : Q16) : C2",3,12,8,16,1,1,0,0,0,""
128,373,"(C4 : Q16) : C2",3,12,8,16,1,1,0,0,0,""
128,374,"((C4 : Q8) : C2) : C2",3,12,8,16,1,1,0,0,0,""
128,375,"(Q8 : Q8) : C2",3,12,8,16,1,1,0,0,0,""
128,376,"(C4 : Q16) : C2",3,12,8,16,1,1,0,0,0,""
128,377,"Q8 : Q16",3,12,8,16,1,1,0,0,0,""
128,378,"((C4 : Q8) : C2) : C2",3,12,8,16,1,1,0,0,0,""
128,379,"((C4 : Q8) : C2) : C2",3,12,8,16,1,1,0,0,0,""
128,380,"Q8 : Q16",3,12,8,16,1,1,0,0,0,""
128,381,"(C4 : Q16) : C2",3,12,8,16,1,1,0,0,0,""
128,382,"(Q8 : Q8) : C2",3,12,8,16,1,1,0,0,0,""
128,383,"(Q8 : Q8) : C2",3,12,8,16,1,1,0,0,0,""
128,384,"(C4 : Q16) : C2",3,12,8,16,1,1,0,0,0,""
128,385,"(C2 x C2) . ((C2 x C2 x C2 x C2) : C2) = (C4 x C4) . (C2 x C2 x C2)",3,12,8,16,1,1,0,0,0,""
128,386,"((C4 : Q8) : C2) : C2",3,12,8,16,1,1,0,0,0,""
128,387,"(((C4 x C4) : C2) : C2) : C2",3,12,8,16,1,1,0,0,0,""
128,387,"(((C4 x C4) : C2) : C2) : C2",4,13,8,16,1,1,0,0,0,""
128,387,"(((C4 x C4) : C2) : C2) : C2",9,17,8,16,4,8,1,1,0,"true"
128,387,"(((C4 x C4) : C2) : C2) : C2",10,18,8,16,4,8,1,1,0,"true"
128,387,"(((C4 x C4) : C2) : C2) : C2",11,19,8,16,1,1,0,0,0,""
128,387,"(((C4 x C4) : C2) : C2) : C2",16,20,8,16,4,8,1,1,0,"true"
128,388,"(((C4 x C4) : C2) : C2) : C2",3,12,8,16,1,1,0,0,0,""
128,388,"(((C4 x C4) : C2) : C2) : C2",4,13,8,16,1,1,0,0,0,""
128,388,"(((C4 x C4) : C2) : C2) : C2",9,17,8,16,4,8,1,1,0,"true"
128,388,"(((C4 x C4) : C2) : C2) : C2",10,18,8,16,4,8,1,1,0,"true"
128,388,"(((C4 x C4) : C2) : C2) : C2",11,19,8,16,1,1,0,0,0,""
128,388,"(((C4 x C4) : C2) : C2) : C2",16,20,8,16,4,8,1,1,0,"true"
128,389,"(((C8 x C2) : C2) : C2) : C2",3,12,8,16,1,1,0,0,0,""
128,389,"(((C8 x C2) : C2) : C2) : C2",4,13,8,16,1,1,0,0,0,""
128,389,"(((C8 x C2) : C2) : C2) : C2",9,17,8,16,4,8,1,1,0,"true"
128,389,"(((C8 x C2) : C2) : C2) : C2",10,18,8,16,4,8,1,1,0,"true"
128,389,"(((C8 x C2) : C2) : C2) : C2",11,19,8,16,1,1,0,0,0,""
128,389,"(((C8 x C2) : C2) : C2) : C2",16,20,8,16,4,8,1,1,0,"true"
128,390,"((C2 x C2) . (C2 x C2 x C2 x C2)) : C2",3,12,8,16,1,1,0,0,0,""
128,390,"((C2 x C2) . (C2 x C2 x C2 x C2)) : C2",4,13,8,16,1,1,0,0,0,""
128,390,"((C2 x C2) . (C2 x C2 x C2 x C2)) : C2",9,17,8,16,4,8,1,1,0,"true"
128,390,"((C2 x C2) . (C2 x C2 x C2 x C2)) : C2",10,18,8,16,4,8,1,1,0,"true"
128,390,"((C2 x C2) . (C2 x C2 x C2 x C2)) : C2",11,19,8,16,1,1,0,0,0,""
128,390,"((C2 x C2) . (C2 x C2 x C2 x C2)) : C2",16,20,8,16,4,8,1,1,0,"true"
128,391,"((C4 : Q8) : C2) : C2",3,12,8,16,1,1,0,0,0,""
128,391,"((C4 : Q8) : C2) : C2",4,13,8,16,1,1,0,0,0,""
128,391,"((C4 : Q8) : C2) : C2",9,17,8,16,4,8,1,1,0,"true"
128,391,"((C4 : Q8) : C2) : C2",10,18,8,16,4,8,1,1,0,"true"
128,391,"((C4 : Q8) : C2) : C2",11,19,8,16,1,1,0,0,0,""
128,391,"((C4 : Q8) : C2) : C2",16,20,8,16,4,8,1,1,0,"true"
128,392,"(C8 : Q8) : C2",3,12,8,16,1,1,0,0,0,""
128,392,"(C8 : Q8) : C2",4,13,8,16,1,1,0,0,0,""
128,392,"(C8 : Q8) : C2",9,17,8,16,4,8,1,1,0,"true"
128,392,"(C8 : Q8) : C2",10,18,8,16,4,8,1,1,0,"true"
128,392,"(C8 : Q8) : C2",11,19,8,16,1,1,0,0,0,""
128,392,"(C8 : Q8) : C2",16,20,8,16,4,8,1,1,0,"true"
128,393,"(C8 : Q8) : C2",3,12,8,16,1,1,0,0,0,""
128,393,"(C8 : Q8) : C2",4,13,8,16,1,1,0,0,0,""
128,393,"(C8 : Q8) : C2",9,17,8,16,4,8,1,1,0,"true"
128,393,"(C8 : Q8) : C2",10,18,8,16,4,8,1,1,0,"true"
128,393,"(C8 : Q8) : C2",11,19,8,16,1,1,0,0,0,""
128,393,"(C8 : Q8) : C2",16,20,8,16,4,8,1,1,0,"true"
128,394,"((C4 : Q8) : C2) : C2",3,12,8,16,1,1,0,0,0,""
128,394,"((C4 : Q8) : C2) : C2",4,13,8,16,1,1,0,0,0,""
128,394,"((C4 : Q8) : C2) : C2",9,17,8,16,4,8,1,1,0,"true"
128,394,"((C4 : Q8) : C2) : C2",10,18,8,16,4,8,1,1,0,"true"
128,394,"((C4 : Q8) : C2) : C2",11,19,8,16,1,1,0,0,0,""
128,394,"((C4 : Q8) : C2) : C2",16,20,8,16,4,8,1,1,0,"true"
128,395,"(C2 x C2) . ((C2 x C2 x C2 x C2) : C2) = (C4 x C4) . (C2 x C2 x C2)",3,12,8,16,1,1,0,0,0,""
128,395,"(C2 x C2) . ((C2 x C2 x C2 x C2) : C2) = (C4 x C4) . (C2 x C2 x C2)",4,13,8,16,1,1,0,0,0,""
128,395,"(C2 x C2) . ((C2 x C2 x C2 x C2) : C2) = (C4 x C4) . (C2 x C2 x C2)",9,17,8,16,4,8,1,1,0,"true"
128,395,"(C2 x C2) . ((C2 x C2 x C2 x C2) : C2) = (C4 x C4) . (C2 x C2 x C2)",10,18,8,16,4,8,1,1,0,"true"
128,395,"(C2 x C2) . ((C2 x C2 x C2 x C2) : C2) = (C4 x C4) . (C2 x C2 x C2)",11,19,8,16,1,1,0,0,0,""
128,395,"(C2 x C2) . ((C2 x C2 x C2 x C2) : C2) = (C4 x C4) . (C2 x C2 x C2)",16,20,8,16,4,8,1,1,0,"true"
128,396,"(C8 : Q8) : C2",3,12,8,16,1,1,0,0,0,""
128,396,"(C8 : Q8) : C2",4,13,8,16,1,1,0,0,0,""
128,396,"(C8 : Q8) : C2",9,17,8,16,4,8,1,1,0,"true"
128,396,"(C8 : Q8) : C2",10,18,8,16,4,8,1,1,0,"true"
128,396,"(C8 : Q8) : C2",11,19,8,16,1,1,0,0,0,""
128,396,"(C8 : Q8) : C2",16,20,8,16,4,8,1,1,0,"true"
128,417,"((C4 : C8) : C2) : C2",4,14,8,16,1,1,0,0,0,""
128,417,"((C4 : C8) : C2) : C2",6,17,2,4,1,1,0,0,0,""
128,417,"((C4 : C8) : C2) : C2",11,21,8,16,1,1,0,0,0,""
128,417,"((C4 : C8) : C2) : C2",12,22,4,8,2,2,0,0,0,""
128,418,"(C8 : Q8) : C2",4,14,8,16,1,1,0,0,0,""
128,418,"(C8 : Q8) : C2",6,17,2,4,1,1,0,0,0,""
128,418,"(C8 : Q8) : C2",11,21,8,16,1,1,0,0,0,""
128,418,"(C8 : Q8) : C2",12,22,4,8,2,2,0,0,0,""
128,419,"(((C4 x C4) : C2) : C2) : C2",4,14,8,16,1,1,0,0,0,""
128,419,"(((C4 x C4) : C2) : C2) : C2",6,17,2,4,1,1,0,0,0,""
128,419,"(((C4 x C4) : C2) : C2) : C2",11,21,8,16,1,1,0,0,0,""
128,419,"(((C4 x C4) : C2) : C2) : C2",12,22,4,8,2,2,0,0,0,""
128,420,"(((C8 x C2) : C2) : C2) : C2",4,14,8,16,1,1,0,0,0,""
128,420,"(((C8 x C2) : C2) : C2) : C2",6,17,2,4,1,1,0,0,0,""
128,420,"(((C8 x C2) : C2) : C2) : C2",11,21,8,16,1,1,0,0,0,""
128,420,"(((C8 x C2) : C2) : C2) : C2",12,22,4,8,2,2,0,0,0,""
128,421,"((C2 x C2) . ((C4 x C2) : C2) = (C4 x C2) . (C4 x C2)) : C2",4,14,8,16,1,1,0,0,0,""
128,421,"((C2 x C2) . ((C4 x C2) : C2) = (C4 x C2) . (C4 x C2)) : C2",6,17,2,4,1,1,0,0,0,""
128,421,"((C2 x C2) . ((C4 x C2) : C2) = (C4 x C2) . (C4 x C2)) : C2",11,21,8,16,1,1,0,0,0,""
128,421,"((C2 x C2) . ((C4 x C2) : C2) = (C4 x C2) . (C4 x C2)) : C2",12,22,4,8,2,2,0,0,0,""
128,422,"(C2 x C2) . ((C4 x C2 x C2) : C2) = (C4 x C4) . (C2 x C2 x C2)",4,14,8,16,1,1,0,0,0,""
128,422,"(C2 x C2) . ((C4 x C2 x C2) : C2) = (C4 x C4) . (C2 x C2 x C2)",6,17,2,4,1,1,0,0,0,""
128,422,"(C2 x C2) . ((C4 x C2 x C2) : C2) = (C4 x C4) . (C2 x C2 x C2)",11,21,8,16,1,1,0,0,0,""
128,422,"(C2 x C2) . ((C4 x C2 x C2) : C2) = (C4 x C4) . (C2 x C2 x C2)",12,22,4,8,2,2,0,0,0,""
128,423,"((C2 x C2) . ((C4 x C2) : C2) = (C4 x C2) . (C4 x C2)) : C2",4,14,8,16,1,1,0,0,0,""
128,423,"((C2 x C2) . ((C4 x C2) : C2) = (C4 x C2) . (C4 x C2)) : C2",6,17,2,4,1,1,0,0,0,""
128,423,"((C2 x C2) . ((C4 x C2) : C2) = (C4 x C2) . (C4 x C2)) : C2",11,21,8,16,1,1,0,0,0,""
128,423,"((C2 x C2) . ((C4 x C2) : C2) = (C4 x C2) . (C4 x C2)) : C2",12,22,4,8,2,2,0,0,0,""
128,424,"C8 : Q16",4,14,8,16,1,1,0,0,0,""
128,424,"C8 : Q16",6,17,2,4,1,1,0,0,0,""
128,424,"C8 : Q16",11,21,8,16,1,1,0,0,0,""
128,424,"C8 : Q16",12,22,4,8,2,2,0,0,0,""
128,425,"((C2 x C2) . ((C4 x C2) : C2) = (C4 x C2) . (C4 x C2)) : C2",4,14,8,16,1,1,0,0,0,""
128,425,"((C2 x C2) . ((C4 x C2) : C2) = (C4 x C2) . (C4 x C2)) : C2",6,17,2,4,1,1,0,0,0,""
128,425,"((C2 x C2) . ((C4 x C2) : C2) = (C4 x C2) . (C4 x C2)) : C2",11,21,8,16,1,1,0,0,0,""
128,425,"((C2 x C2) . ((C4 x C2) : C2) = (C4 x C2) . (C4 x C2)) : C2",12,22,4,8,2,2,0,0,0,""
128,426,"C8 : Q16",4,14,8,16,1,1,0,0,0,""
128,426,"C8 : Q16",6,17,2,4,1,1,0,0,0,""
128,426,"C8 : Q16",11,21,8,16,1,1,0,0,0,""
128,426,"C8 : Q16",12,22,4,8,2,2,0,0,0,""
128,427,"((C2 x C2) . ((C4 x C2) : C2) = (C4 x C2) . (C4 x C2)) : C2",4,14,8,16,1,1,0,0,0,""
128,427,"((C2 x C2) . ((C4 x C2) : C2) = (C4 x C2) . (C4 x C2)) : C2",6,17,2,4,1,1,0,0,0,""
128,427,"((C2 x C2) . ((C4 x C2) : C2) = (C4 x C2) . (C4 x C2)) : C2",11,21,8,16,1,1,0,0,0,""
128,427,"((C2 x C2) . ((C4 x C2) : C2) = (C4 x C2) . (C4 x C2)) : C2",12,22,4,8,2,2,0,0,0,""
128,428,"(C2 x C2) . ((C4 x C2 x C2) : C2) = (C4 x C4) . (C2 x C2 x C2)",4,14,8,16,1,1,0,0,0,""
128,428,"(C2 x C2) . ((C4 x C2 x C2) : C2) = (C4 x C4) . (C2 x C2 x C2)",6,17,2,4,1,1,0,0,0,""
128,428,"(C2 x C2) . ((C4 x C2 x C2) : C2) = (C4 x C4) . (C2 x C2 x C2)",11,21,8,16,1,1,0,0,0,""
128,428,"(C2 x C2) . ((C4 x C2 x C2) : C2) = (C4 x C4) . (C2 x C2 x C2)",12,22,4,8,2,2,0,0,0,""
128,429,"((C4 : C8) : C2) : C2",4,14,8,16,1,1,0,0,0,""
128,429,"((C4 : C8) : C2) : C2",6,17,2,4,1,1,0,0,0,""
128,429,"((C4 : C8) : C2) : C2",11,21,8,16,1,1,0,0,0,""
128,429,"((C4 : C8) : C2) : C2",12,22,4,8,2,2,0,0,0,""
128,430,"(C8 : Q8) : C2",4,14,8,16,1,1,0,0,0,""
128,430,"(C8 : Q8) : C2",6,17,2,4,1,1,0,0,0,""
128,430,"(C8 : Q8) : C2",11,21,8,16,1,1,0,0,0,""
128,430,"(C8 : Q8) : C2",12,22,4,8,2,2,0,0,0,""
128,431,"((C2 x C2) . ((C4 x C2) : C2) = (C4 x C2) . (C4 x C2)) : C2",4,14,8,16,1,1,0,0,0,""
128,431,"((C2 x C2) . ((C4 x C2) : C2) = (C4 x C2) . (C4 x C2)) : C2",6,17,2,4,1,1,0,0,0,""
128,431,"((C2 x C2) . ((C4 x C2) : C2) = (C4 x C2) . (C4 x C2)) : C2",11,21,8,16,1,1,0,0,0,""
128,431,"((C2 x C2) . ((C4 x C2) : C2) = (C4 x C2) . (C4 x C2)) : C2",12,22,4,8,2,2,0,0,0,""
128,432,"(C2 x C2) . ((C4 x C2 x C2) : C2) = (C4 x C4) . (C2 x C2 x C2)",4,14,8,16,1,1,0,0,0,""
128,432,"(C2 x C2) . ((C4 x C2 x C2) : C2) = (C4 x C4) . (C2 x C2 x C2)",6,17,2,4,1,1,0,0,0,""
128,432,"(C2 x C2) . ((C4 x C2 x C2) : C2) = (C4 x C4) . (C2 x C2 x C2)",11,21,8,16,1,1,0,0,0,""
128,432,"(C2 x C2) . ((C4 x C2 x C2) : C2) = (C4 x C4) . (C2 x C2 x C2)",12,22,4,8,2,2,0,0,0,""
128,433,"((C4 : C8) : C2) : C2",4,14,8,16,1,1,0,0,0,""
128,433,"((C4 : C8) : C2) : C2",6,17,2,4,1,1,0,0,0,""
128,433,"((C4 : C8) : C2) : C2",11,21,8,16,1,1,0,0,0,""
128,433,"((C4 : C8) : C2) : C2",12,22,4,8,2,2,0,0,0,""
128,434,"(C8 : Q8) : C2",4,14,8,16,1,1,0,0,0,""
128,434,"(C8 : Q8) : C2",6,17,2,4,1,1,0,0,0,""
128,434,"(C8 : Q8) : C2",11,21,8,16,1,1,0,0,0,""
128,434,"(C8 : Q8) : C2",12,22,4,8,2,2,0,0,0,""
128,435,"((C2 x C2) . ((C4 x C2) : C2) = (C4 x C2) . (C4 x C2)) : C2",4,14,8,16,1,1,0,0,0,""
128,435,"((C2 x C2) . ((C4 x C2) : C2) = (C4 x C2) . (C4 x C2)) : C2",6,17,2,4,1,1,0,0,0,""
128,435,"((C2 x C2) . ((C4 x C2) : C2) = (C4 x C2) . (C4 x C2)) : C2",11,21,8,16,1,1,0,0,0,""
128,435,"((C2 x C2) . ((C4 x C2) : C2) = (C4 x C2) . (C4 x C2)) : C2",12,22,4,8,2,2,0,0,0,""
128,436,"(C2 x C2) . ((C4 x C2 x C2) : C2) = (C4 x C4) . (C2 x C2 x C2)",4,14,8,16,1,1,0,0,0,""
128,436,"(C2 x C2) . ((C4 x C2 x C2) : C2) = (C4 x C4) . (C2 x C2 x C2)",6,17,2,4,1,1,0,0,0,""
128,436,"(C2 x C2) . ((C4 x C2 x C2) : C2) = (C4 x C4) . (C2 x C2 x C2)",11,21,8,16,1,1,0,0,0,""
128,436,"(C2 x C2) . ((C4 x C2 x C2) : C2) = (C4 x C4) . (C2 x C2 x C2)",12,22,4,8,2,2,0,0,0,""
128,446,"(C8 : C8) : C2",6,18,2,4,1,1,0,0,0,""
128,446,"(C8 : C8) : C2",16,25,2,4,1,1,0,0,0,""
128,447,"((C2 x QD16) : C2) : C2",6,18,2,4,1,1,0,0,0,""
128,447,"((C2 x QD16) : C2) : C2",16,25,2,4,1,1,0,0,0,""
128,448,"(C2 x C2) . ((C4 x C4) : C2) = (C4 x C4) . (C2 x C2 x C2)",6,18,2,4,1,1,0,0,0,""
128,448,"(C2 x C2) . ((C4 x C4) : C2) = (C4 x C4) . (C2 x C2 x C2)",16,25,2,4,1,1,0,0,0,""
128,449,"((C2 x QD16) : C2) : C2",6,18,2,4,1,1,0,0,0,""
128,449,"((C2 x QD16) : C2) : C2",16,25,2,4,1,1,0,0,0,""
128,450,"(C2 x C2) . ((C4 x C4) : C2) = (C4 x C4) . (C2 x C2 x C2)",6,18,2,4,1,1,0,0,0,""
128,450,"(C2 x C2) . ((C4 x C4) : C2) = (C4 x C4) . (C2 x C2 x C2)",16,25,2,4,1,1,0,0,0,""
128,451,"(C8 : C8) : C2",6,18,2,4,1,1,0,0,0,""
128,451,"(C8 : C8) : C2",16,25,2,4,1,1,0,0,0,""
128,452,"(C8 : Q8) : C2",6,18,2,4,1,1,0,0,0,""
128,452,"(C8 : Q8) : C2",16,25,2,4,1,1,0,0,0,""
128,453,"(((C4 x C4) : C2) : C2) : C2",6,18,2,4,1,1,0,0,0,""
128,453,"(((C4 x C4) : C2) : C2) : C2",16,25,2,4,1,1,0,0,0,""
128,454,"(C8 : Q8) : C2",6,18,2,4,1,1,0,0,0,""
128,454,"(C8 : Q8) : C2",16,25,2,4,1,1,0,0,0,""
128,455,"C8 : Q16",6,18,2,4,1,1,0,0,0,""
128,455,"C8 : Q16",16,25,2,4,1,1,0,0,0,""
128,513,"((C2 x ((C4 x C2) : C2)) : C2) : C2",4,17,2,4,1,1,0,0,0,""
128,513,"((C2 x ((C4 x C2) : C2)) : C2) : C2",15,28,2,4,1,1,0,0,0,""
128,514,"((C4 x C2 x C2) : C4) : C2",4,17,2,4,1,1,0,0,0,""
128,514,"((C4 x C2 x C2) : C4) : C2",15,28,2,4,1,1,0,0,0,""
128,515,"((C2 x (C8 : C2)) : C2) : C2",4,17,2,4,1,1,0,0,0,""
128,515,"((C2 x (C8 : C2)) : C2) : C2",15,28,2,4,1,1,0,0,0,""
128,516,"(C2 x (C2 . ((C4 x C2) : C2) = (C2 x C2) . (C4 x C2))) : C2",4,17,2,4,1,1,0,0,0,""
128,516,"(C2 x (C2 . ((C4 x C2) : C2) = (C2 x C2) . (C4 x C2))) : C2",15,28,2,4,1,1,0,0,0,""
128,517,"((C2 x (C8 : C2)) : C2) : C2",4,17,2,4,1,1,0,0,0,""
128,517,"((C2 x (C8 : C2)) : C2) : C2",15,28,2,4,1,1,0,0,0,""
128,531,"((C4 x C2 x C2) : C4) : C2",3,15,2,4,1,1,0,0,0,""
128,531,"((C4 x C2 x C2) : C4) : C2",13,27,2,4,1,1,0,0,0,""
128,532,"((C8 : C2) : C4) : C2",3,15,2,4,1,1,0,0,0,""
128,532,"((C8 : C2) : C4) : C2",13,27,2,4,1,1,0,0,0,""
128,533,"C4 : (C2 . ((C4 x C2) : C2) = (C2 x C2) . (C4 x C2))",3,15,2,4,1,1,0,0,0,""
128,533,"C4 : (C2 . ((C4 x C2) : C2) = (C2 x C2) . (C4 x C2))",13,27,2,4,1,1,0,0,0,""
128,551,"((C4 x C2 x C2) : C4) : C2",3,15,2,4,1,1,0,0,0,""
128,551,"((C4 x C2 x C2) : C4) : C2",13,27,2,4,1,1,0,0,0,""
128,552,"(C4 x C4 x C2) : C4",3,15,2,4,1,1,0,0,0,""
128,552,"(C4 x C4 x C2) : C4",13,27,2,4,1,1,0,0,0,""
128,553,"((C8 : C2) : C4) : C2",3,15,2,4,1,1,0,0,0,""
128,553,"((C8 : C2) : C4) : C2",13,27,2,4,1,1,0,0,0,""
128,554,"((C8 : C2) : C4) : C2",3,15,2,4,1,1,0,0,0,""
128,554,"((C8 : C2) : C4) : C2",13,27,2,4,1,1,0,0,0,""
128,630,"((C2 x ((C4 x C2) : C2)) : C2) : C2",4,17,2,4,1,1,0,0,0,""
128,630,"((C2 x ((C4 x C2) : C2)) : C2) : C2",28,32,2,4,1,1,0,0,0,""
128,631,"((C4 x C2 x C2) : C4) : C2",4,17,2,4,1,1,0,0,0,""
128,631,"((C4 x C2 x C2) : C4) : C2",28,32,2,4,1,1,0,0,0,""
128,632,"((C2 x (C8 : C2)) : C2) : C2",4,17,2,4,1,1,0,0,0,""
128,632,"((C2 x (C8 : C2)) : C2) : C2",28,32,2,4,1,1,0,0,0,""
128,633,"((C8 : C2) : C4) : C2",4,17,2,4,1,1,0,0,0,""
128,633,"((C8 : C2) : C4) : C2",28,32,2,4,1,1,0,0,0,""
128,696,"((C4 x C2 x C2) : C4) : C2",4,17,2,4,1,1,0,0,0,""
128,696,"((C4 x C2 x C2) : C4) : C2",28,32,2,4,1,1,0,0,0,""
128,697,"((C4 : C8) : C2) : C2",4,17,2,4,1,1,0,0,0,""
128,697,"((C4 : C8) : C2) : C2",28,32,2,4,1,1,0,0,0,""
128,698,"C4 : (C2 . ((C4 x C2) : C2) = (C2 x C2) . (C4 x C2))",4,17,2,4,1,1,0,0,0,""
128,698,"C4 : (C2 . ((C4 x C2) : C2) = (C2 x C2) . (C4 x C2))",28,32,2,4,1,1,0,0,0,""
128,699,"((C4 : C8) : C2) : C2",4,17,2,4,1,1,0,0,0,""
128,699,"((C4 : C8) : C2) : C2",28,32,2,4,1,1,0,0,0,""
128,728,"(C2 x (C4 : C4)) : C4",4,17,2,4,1,1,0,0,0,""
128,728,"(C2 x (C4 : C4)) : C4",28,32,2,4,1,1,0,0,0,""
128,729,"(C8 : C2) : Q8",4,17,2,4,1,1,0,0,0,""
128,729,"(C8 : C2) : Q8",28,32,2,4,1,1,0,0,0,""
128,730,"(C2 x C2) . (C2 x ((C4 x C2) : C2)) = (C2 x C2 x C2) . (C4 x C2 x C2)",4,17,2,4,1,1,0,0,0,""
128,730,"(C2 x C2) . (C2 x ((C4 x C2) : C2)) = (C2 x C2 x C2) . (C4 x C2 x C2)",28,32,2,4,1,1,0,0,0,""
128,731,"(C2 x ((C4 x C2 x C2) : C2)) : C2",2,11,8,16,1,1,0,0,0,""
128,731,"(C2 x ((C4 x C2 x C2) : C2)) : C2",3,13,8,16,1,1,0,0,0,""
128,731,"(C2 x ((C4 x C2 x C2) : C2)) : C2",10,24,8,16,1,1,0,0,0,""
128,731,"(C2 x ((C4 x C2 x C2) : C2)) : C2",12,25,8,16,1,1,0,0,0,""
128,732,"(C2 x ((C2 x Q8) : C2)) : C2",2,11,8,16,1,1,0,0,0,""
128,732,"(C2 x ((C2 x Q8) : C2)) : C2",3,13,8,16,1,1,0,0,0,""
128,732,"(C2 x ((C2 x Q8) : C2)) : C2",10,24,8,16,1,1,0,0,0,""
128,732,"(C2 x ((C2 x Q8) : C2)) : C2",12,25,8,16,1,1,0,0,0,""
128,733,"(C2 x (Q8 : C4)) : C2",2,11,8,16,1,1,0,0,0,""
128,733,"(C2 x (Q8 : C4)) : C2",3,13,8,16,1,1,0,0,0,""
128,733,"(C2 x (Q8 : C4)) : C2",10,24,8,16,1,1,0,0,0,""
128,733,"(C2 x (Q8 : C4)) : C2",12,25,8,16,1,1,0,0,0,""
128,734,"(((C2 x C2 x C2 x C2) : C2) : C2) : C2",2,11,8,16,1,1,0,0,0,""
128,734,"(((C2 x C2 x C2 x C2) : C2) : C2) : C2",3,13,8,16,1,1,0,0,0,""
128,734,"(((C2 x C2 x C2 x C2) : C2) : C2) : C2",4,14,8,16,1,1,0,0,0,""
128,734,"(((C2 x C2 x C2 x C2) : C2) : C2) : C2",9,20,8,16,1,1,0,0,0,""
128,734,"(((C2 x C2 x C2 x C2) : C2) : C2) : C2",10,21,8,16,1,1,0,0,0,""
128,734,"(((C2 x C2 x C2 x C2) : C2) : C2) : C2",19,26,8,16,1,1,0,0,0,""
128,735,"(((C4 x C2 x C2) : C2) : C2) : C2",2,11,8,16,1,1,0,0,0,""
128,735,"(((C4 x C2 x C2) : C2) : C2) : C2",3,13,8,16,1,1,0,0,0,""
128,735,"(((C4 x C2 x C2) : C2) : C2) : C2",4,14,8,16,1,1,0,0,0,""
128,735,"(((C4 x C2 x C2) : C2) : C2) : C2",9,20,8,16,1,1,0,0,0,""
128,735,"(((C4 x C2 x C2) : C2) : C2) : C2",10,21,8,16,1,1,0,0,0,""
128,735,"(((C4 x C2 x C2) : C2) : C2) : C2",19,26,8,16,1,1,0,0,0,""
128,736,"(C2 x ((C4 x C4) : C2)) : C2",2,11,8,16,1,1,0,0,0,""
128,736,"(C2 x ((C4 x C4) : C2)) : C2",3,13,8,16,1,1,0,0,0,""
128,736,"(C2 x ((C4 x C4) : C2)) : C2",4,14,8,16,1,1,0,0,0,""
128,736,"(C2 x ((C4 x C4) : C2)) : C2",9,20,8,16,1,1,0,0,0,""
128,736,"(C2 x ((C4 x C4) : C2)) : C2",10,21,8,16,1,1,0,0,0,""
128,736,"(C2 x ((C4 x C4) : C2)) : C2",19,26,8,16,1,1,0,0,0,""
128,737,"(C2 x (C4 : Q8)) : C2",2,11,8,16,1,1,0,0,0,""
128,737,"(C2 x (C4 : Q8)) : C2",3,13,8,16,1,1,0,0,0,""
128,737,"(C2 x (C4 : Q8)) : C2",4,14,8,16,1,1,0,0,0,""
128,737,"(C2 x (C4 : Q8)) : C2",9,20,8,16,1,1,0,0,0,""
128,737,"(C2 x (C4 : Q8)) : C2",10,21,8,16,1,1,0,0,0,""
128,737,"(C2 x (C4 : Q8)) : C2",19,26,8,16,1,1,0,0,0,""
128,738,"(C2 x (C8 : (C2 x C2))) : C2",2,11,8,16,1,1,0,0,0,""
128,738,"(C2 x (C8 : (C2 x C2))) : C2",3,13,8,16,1,1,0,0,0,""
128,738,"(C2 x (C8 : (C2 x C2))) : C2",4,14,8,16,1,1,0,0,0,""
128,738,"(C2 x (C8 : (C2 x C2))) : C2",9,20,8,16,1,1,0,0,0,""
128,738,"(C2 x (C8 : (C2 x C2))) : C2",10,21,8,16,1,1,0,0,0,""
128,738,"(C2 x (C8 : (C2 x C2))) : C2",12,22,8,16,1,1,0,0,0,""
128,739,"(C2 x ((C2 x Q8) : C2)) : C2",2,11,8,16,1,1,0,0,0,""
128,739,"(C2 x ((C2 x Q8) : C2)) : C2",3,13,8,16,1,1,0,0,0,""
128,739,"(C2 x ((C2 x Q8) : C2)) : C2",4,14,8,16,1,1,0,0,0,""
128,739,"(C2 x ((C2 x Q8) : C2)) : C2",9,20,8,16,1,1,0,0,0,""
128,739,"(C2 x ((C2 x Q8) : C2)) : C2",10,21,8,16,1,1,0,0,0,""
128,739,"(C2 x ((C2 x Q8) : C2)) : C2",12,22,8,16,1,1,0,0,0,""
128,740,"(C2 x (C8 : (C2 x C2))) : C2",2,11,8,16,1,1,0,0,0,""
128,740,"(C2 x (C8 : (C2 x C2))) : C2",3,13,8,16,1,1,0,0,0,""
128,740,"(C2 x (C8 : (C2 x C2))) : C2",4,14,8,16,1,1,0,0,0,""
128,740,"(C2 x (C8 : (C2 x C2))) : C2",9,19,8,16,1,1,0,0,0,""
128,740,"(C2 x (C8 : (C2 x C2))) : C2",10,20,8,16,1,1,0,0,0,""
128,740,"(C2 x (C8 : (C2 x C2))) : C2",12,21,8,16,1,1,0,0,0,""
128,740,"(C2 x (C8 : (C2 x C2))) : C2",18,23,8,16,1,1,0,0,0,""
128,741,"(C2 x ((C2 x Q8) : C2)) : C2",2,11,8,16,1,1,0,0,0,""
128,741,"(C2 x ((C2 x Q8) : C2)) : C2",3,13,8,16,1,1,0,0,0,""
128,741,"(C2 x ((C2 x Q8) : C2)) : C2",4,14,8,16,1,1,0,0,0,""
128,741,"(C2 x ((C2 x Q8) : C2)) : C2",9,19,8,16,1,1,0,0,0,""
128,741,"(C2 x ((C2 x Q8) : C2)) : C2",10,20,8,16,1,1,0,0,0,""
128,741,"(C2 x ((C2 x Q8) : C2)) : C2",12,21,8,16,1,1,0,0,0,""
128,741,"(C2 x ((C2 x Q8) : C2)) : C2",18,23,8,16,1,1,0,0,0,""
128,742,"(((C2 x C2 x C2 x C2) : C2) : C2) : C2",2,11,8,16,1,1,0,0,0,""
128,742,"(((C2 x C2 x C2 x C2) : C2) : C2) : C2",3,13,8,16,1,1,0,0,0,""
128,742,"(((C2 x C2 x C2 x C2) : C2) : C2) : C2",9,20,8,16,1,1,0,0,0,""
128,742,"(((C2 x C2 x C2 x C2) : C2) : C2) : C2",10,21,8,16,1,1,0,0,0,""
128,742,"(((C2 x C2 x C2 x C2) : C2) : C2) : C2",12,22,8,16,1,1,0,0,0,""
128,742,"(((C2 x C2 x C2 x C2) : C2) : C2) : C2",19,25,8,16,1,1,0,0,0,""
128,743,"(C2 x C2 x D16) : C2",2,11,8,16,1,1,0,0,0,""
128,743,"(C2 x C2 x D16) : C2",3,13,8,16,1,1,0,0,0,""
128,743,"(C2 x C2 x D16) : C2",4,14,8,16,1,1,0,0,0,""
128,743,"(C2 x C2 x D16) : C2",19,29,8,16,1,1,0,0,0,""
128,744,"((C4 x C4 x C2) : C2) : C2",2,11,8,16,1,1,0,0,0,""
128,744,"((C4 x C4 x C2) : C2) : C2",3,13,8,16,1,1,0,0,0,""
128,744,"((C4 x C4 x C2) : C2) : C2",4,14,8,16,1,1,0,0,0,""
128,744,"((C4 x C4 x C2) : C2) : C2",19,29,8,16,1,1,0,0,0,""
128,745,"(C2 x (C4 : Q8)) : C2",2,11,8,16,1,1,0,0,0,""
128,745,"(C2 x (C4 : Q8)) : C2",3,13,8,16,1,1,0,0,0,""
128,745,"(C2 x (C4 : Q8)) : C2",4,14,8,16,1,1,0,0,0,""
128,745,"(C2 x (C4 : Q8)) : C2",19,29,8,16,1,1,0,0,0,""
128,746,"(C2 x C2 x QD16) : C2",2,11,8,16,1,1,0,0,0,""
128,746,"(C2 x C2 x QD16) : C2",3,13,8,16,1,1,0,0,0,""
128,746,"(C2 x C2 x QD16) : C2",4,14,8,16,1,1,0,0,0,""
128,746,"(C2 x C2 x QD16) : C2",19,29,8,16,1,1,0,0,0,""
128,747,"((C2 x Q8) : C4) : C2",2,11,8,16,1,1,0,0,0,""
128,747,"((C2 x Q8) : C4) : C2",3,13,8,16,1,1,0,0,0,""
128,747,"((C2 x Q8) : C4) : C2",4,14,8,16,1,1,0,0,0,""
128,747,"((C2 x Q8) : C4) : C2",19,29,8,16,1,1,0,0,0,""
128,748,"(C4 x C2) : Q16",2,11,8,16,1,1,0,0,0,""
128,748,"(C4 x C2) : Q16",3,13,8,16,1,1,0,0,0,""
128,748,"(C4 x C2) : Q16",4,14,8,16,1,1,0,0,0,""
128,748,"(C4 x C2) : Q16",19,29,8,16,1,1,0,0,0,""
128,749,"((C8 : (C2 x C2)) : C2) : C2",2,11,8,16,1,1,0,0,0,""
128,749,"((C8 : (C2 x C2)) : C2) : C2",3,13,8,16,1,1,0,0,0,""
128,749,"((C8 : (C2 x C2)) : C2) : C2",4,14,8,16,1,1,0,0,0,""
128,749,"((C8 : (C2 x C2)) : C2) : C2",9,19,8,16,1,1,0,0,0,""
128,749,"((C8 : (C2 x C2)) : C2) : C2",10,20,8,16,1,1,0,0,0,""
128,749,"((C8 : (C2 x C2)) : C2) : C2",12,21,8,16,1,1,0,0,0,""
128,750,"(C2 x C2 x D16) : C2",2,11,8,16,1,1,0,0,0,""
128,750,"(C2 x C2 x D16) : C2",3,13,8,16,1,1,0,0,0,""
128,750,"(C2 x C2 x D16) : C2",4,14,8,16,1,1,0,0,0,""
128,750,"(C2 x C2 x D16) : C2",9,19,8,16,1,1,0,0,0,""
128,750,"(C2 x C2 x D16) : C2",10,21,4,8,2,2,0,0,0,""
128,750,"(C2 x C2 x D16) : C2",12,22,8,16,1,1,0,0,0,""
128,750,"(C2 x C2 x D16) : C2",18,25,8,16,1,1,0,0,0,""
128,750,"(C2 x C2 x D16) : C2",20,26,4,8,2,2,0,0,0,""
128,751,"(C2 x C2 x QD16) : C2",2,11,8,16,1,1,0,0,0,""
128,751,"(C2 x C2 x QD16) : C2",3,13,8,16,1,1,0,0,0,""
128,751,"(C2 x C2 x QD16) : C2",4,14,8,16,1,1,0,0,0,""
128,751,"(C2 x C2 x QD16) : C2",9,19,8,16,1,1,0,0,0,""
128,751,"(C2 x C2 x QD16) : C2",10,21,4,8,2,2,0,0,0,""
128,751,"(C2 x C2 x QD16) : C2",12,22,8,16,1,1,0,0,0,""
128,751,"(C2 x C2 x QD16) : C2",18,25,8,16,1,1,0,0,0,""
128,751,"(C2 x C2 x QD16) : C2",20,26,4,8,2,2,0,0,0,""
128,752,"(C2 x C2 x Q16) : C2",2,11,8,16,1,1,0,0,0,""
128,752,"(C2 x C2 x Q16) : C2",3,13,8,16,1,1,0,0,0,""
128,752,"(C2 x C2 x Q16) : C2",4,14,8,16,1,1,0,0,0,""
128,752,"(C2 x C2 x Q16) : C2",9,19,8,16,1,1,0,0,0,""
128,752,"(C2 x C2 x Q16) : C2",10,21,4,8,2,2,0,0,0,""
128,752,"(C2 x C2 x Q16) : C2",12,22,8,16,1,1,0,0,0,""
128,752,"(C2 x C2 x Q16) : C2",18,25,8,16,1,1,0,0,0,""
128,752,"(C2 x C2 x Q16) : C2",20,26,4,8,2,2,0,0,0,""
128,753,"(((C2 x C2 x C2 x C2) : C2) : C2) : C2",2,11,8,16,1,1,0,0,0,""
128,753,"(((C2 x C2 x C2 x C2) : C2) : C2) : C2",4,15,8,16,1,1,0,0,0,""
128,753,"(((C2 x C2 x C2 x C2) : C2) : C2) : C2",9,21,8,16,1,1,0,0,0,""
128,753,"(((C2 x C2 x C2 x C2) : C2) : C2) : C2",10,22,8,16,1,1,0,0,0,""
128,753,"(((C2 x C2 x C2 x C2) : C2) : C2) : C2",12,23,8,16,1,1,0,0,0,""
128,753,"(((C2 x C2 x C2 x C2) : C2) : C2) : C2",20,26,8,16,1,1,0,0,0,""
128,754,"(C2 x ((C2 x C2 x C2) : C4)) : C2",2,11,8,16,1,1,0,0,0,""
128,754,"(C2 x ((C2 x C2 x C2) : C4)) : C2",4,15,8,16,1,1,0,0,0,""
128,754,"(C2 x ((C2 x C2 x C2) : C4)) : C2",9,21,8,16,1,1,0,0,0,""
128,754,"(C2 x ((C2 x C2 x C2) : C4)) : C2",10,22,8,16,1,1,0,0,0,""
128,754,"(C2 x ((C2 x C2 x C2) : C4)) : C2",12,23,8,16,1,1,0,0,0,""
128,754,"(C2 x ((C2 x C2 x C2) : C4)) : C2",20,26,8,16,1,1,0,0,0,""
128,755,"((C4 : C4) : C4) : C2",2,11,8,16,1,1,0,0,0,""
128,755,"((C4 : C4) : C4) : C2",4,15,8,16,1,1,0,0,0,""
128,755,"((C4 : C4) : C4) : C2",9,22,8,16,1,1,0,0,0,""
128,755,"((C4 : C4) : C4) : C2",12,25,8,16,1,1,0,0,0,""
128,756,"(C2 x Q8) : Q8",2,11,8,16,1,1,0,0,0,""
128,756,"(C2 x Q8) : Q8",4,15,8,16,1,1,0,0,0,""
128,756,"(C2 x Q8) : Q8",9,22,8,16,1,1,0,0,0,""
128,756,"(C2 x Q8) : Q8",12,25,8,16,1,1,0,0,0,""
128,757,"((C4 : C4) : C4) : C2",2,11,8,16,1,1,0,0,0,""
128,757,"((C4 : C4) : C4) : C2",4,15,8,16,1,1,0,0,0,""
128,757,"((C4 : C4) : C4) : C2",9,22,8,16,1,1,0,0,0,""
128,757,"((C4 : C4) : C4) : C2",12,25,8,16,1,1,0,0,0,""
128,758,"(C2 x C2 x C2) . (C2 x D8) = (C4 x C2 x C2) . (C2 x C2 x C2)",2,11,8,16,1,1,0,0,0,""
128,758,"(C2 x C2 x C2) . (C2 x D8) = (C4 x C2 x C2) . (C2 x C2 x C2)",4,15,8,16,1,1,0,0,0,""
128,758,"(C2 x C2 x C2) . (C2 x D8) = (C4 x C2 x C2) . (C2 x C2 x C2)",9,22,8,16,1,1,0,0,0,""
128,758,"(C2 x C2 x C2) . (C2 x D8) = (C4 x C2 x C2) . (C2 x C2 x C2)",12,25,8,16,1,1,0,0,0,""
128,759,"((C4 : C4) : C4) : C2",2,11,8,16,1,1,0,0,0,""
128,759,"((C4 : C4) : C4) : C2",3,13,8,16,1,1,0,0,0,""
128,759,"((C4 : C4) : C4) : C2",4,14,8,16,1,1,0,0,0,""
128,759,"((C4 : C4) : C4) : C2",9,20,8,16,1,1,0,0,0,""
128,759,"((C4 : C4) : C4) : C2",10,21,8,16,1,1,0,0,0,""
128,759,"((C4 : C4) : C4) : C2",19,25,8,16,1,1,0,0,0,""
128,760,"(C2 x Q8) : Q8",2,11,8,16,1,1,0,0,0,""
128,760,"(C2 x Q8) : Q8",3,13,8,16,1,1,0,0,0,""
128,760,"(C2 x Q8) : Q8",4,14,8,16,1,1,0,0,0,""
128,760,"(C2 x Q8) : Q8",9,20,8,16,1,1,0,0,0,""
128,760,"(C2 x Q8) : Q8",10,21,8,16,1,1,0,0,0,""
128,760,"(C2 x Q8) : Q8",19,25,8,16,1,1,0,0,0,""
128,761,"((C4 x C2 x C2) : C4) : C2",2,11,8,16,1,1,0,0,0,""
128,761,"((C4 x C2 x C2) : C4) : C2",3,13,8,16,1,1,0,0,0,""
128,761,"((C4 x C2 x C2) : C4) : C2",9,21,8,16,1,1,0,0,0,""
128,761,"((C4 x C2 x C2) : C4) : C2",10,22,8,16,1,1,0,0,0,""
128,761,"((C4 x C2 x C2) : C4) : C2",12,23,8,16,1,1,0,0,0,""
128,761,"((C4 x C2 x C2) : C4) : C2",20,26,8,16,1,1,0,0,0,""
128,762,"(C4 x C2 x C2) : Q8",2,11,8,16,1,1,0,0,0,""
128,762,"(C4 x C2 x C2) : Q8",3,13,8,16,1,1,0,0,0,""
128,762,"(C4 x C2 x C2) : Q8",9,21,8,16,1,1,0,0,0,""
128,762,"(C4 x C2 x C2) : Q8",10,22,8,16,1,1,0,0,0,""
128,762,"(C4 x C2 x C2) : Q8",12,23,8,16,1,1,0,0,0,""
128,762,"(C4 x C2 x C2) : Q8",20,26,8,16,1,1,0,0,0,""
128,763,"((C4 x C4) : C4) : C2",2,11,8,16,1,1,0,0,0,""
128,763,"((C4 x C4) : C4) : C2",4,15,8,16,1,1,0,0,0,""
128,763,"((C4 x C4) : C4) : C2",9,20,8,16,1,1,0,0,0,""
128,763,"((C4 x C4) : C4) : C2",10,21,8,16,1,1,0,0,0,""
128,763,"((C4 x C4) : C4) : C2",12,22,8,16,1,1,0,0,0,""
128,763,"((C4 x C4) : C4) : C2",19,26,8,16,1,1,0,0,0,""
128,764,"(((C4 x C2) : C2) : C4) : C2",2,11,8,16,1,1,0,0,0,""
128,764,"(((C4 x C2) : C2) : C4) : C2",3,13,8,16,1,1,0,0,0,""
128,764,"(((C4 x C2) : C2) : C4) : C2",4,14,8,16,1,1,0,0,0,""
128,764,"(((C4 x C2) : C2) : C4) : C2",9,19,8,16,1,1,0,0,0,""
128,764,"(((C4 x C2) : C2) : C4) : C2",10,20,8,16,1,1,0,0,0,""
128,764,"(((C4 x C2) : C2) : C4) : C2",12,21,8,16,1,1,0,0,0,""
128,764,"(((C4 x C2) : C2) : C4) : C2",18,23,8,16,1,1,0,0,0,""
128,765,"(C2 x ((C8 x C2) : C2)) : C2",2,11,8,16,1,1,0,0,0,""
128,765,"(C2 x ((C8 x C2) : C2)) : C2",4,15,8,16,1,1,0,0,0,""
128,765,"(C2 x ((C8 x C2) : C2)) : C2",9,22,8,16,1,1,0,0,0,""
128,765,"(C2 x ((C8 x C2) : C2)) : C2",12,25,8,16,1,1,0,0,0,""
128,766,"(C2 x ((C8 x C2) : C2)) : C2",2,11,8,16,1,1,0,0,0,""
128,766,"(C2 x ((C8 x C2) : C2)) : C2",4,15,8,16,1,1,0,0,0,""
128,766,"(C2 x ((C8 x C2) : C2)) : C2",9,22,8,16,1,1,0,0,0,""
128,766,"(C2 x ((C8 x C2) : C2)) : C2",12,25,8,16,1,1,0,0,0,""
128,767,"(C2 x (Q8 : C4)) : C2",2,11,8,16,1,1,0,0,0,""
128,767,"(C2 x (Q8 : C4)) : C2",4,15,8,16,1,1,0,0,0,""
128,767,"(C2 x (Q8 : C4)) : C2",9,22,8,16,1,1,0,0,0,""
128,767,"(C2 x (Q8 : C4)) : C2",12,25,8,16,1,1,0,0,0,""
128,768,"(C2 x (Q8 : C4)) : C2",2,11,8,16,1,1,0,0,0,""
128,768,"(C2 x (Q8 : C4)) : C2",4,15,8,16,1,1,0,0,0,""
128,768,"(C2 x (Q8 : C4)) : C2",9,22,8,16,1,1,0,0,0,""
128,768,"(C2 x (Q8 : C4)) : C2",12,25,8,16,1,1,0,0,0,""
128,769,"((C2 x (C4 : C4)) : C2) : C2",2,11,8,16,1,1,0,0,0,""
128,769,"((C2 x (C4 : C4)) : C2) : C2",3,13,8,16,1,1,0,0,0,""
128,769,"((C2 x (C4 : C4)) : C2) : C2",4,14,8,16,1,1,0,0,0,""
128,769,"((C2 x (C4 : C4)) : C2) : C2",9,20,8,16,1,1,0,0,0,""
128,769,"((C2 x (C4 : C4)) : C2) : C2",10,21,8,16,1,1,0,0,0,""
128,769,"((C2 x (C4 : C4)) : C2) : C2",19,25,8,16,1,1,0,0,0,""
128,770,"((C2 x Q8) : C4) : C2",2,11,8,16,1,1,0,0,0,""
128,770,"((C2 x Q8) : C4) : C2",3,13,8,16,1,1,0,0,0,""
128,770,"((C2 x Q8) : C4) : C2",4,14,8,16,1,1,0,0,0,""
128,770,"((C2 x Q8) : C4) : C2",9,20,8,16,1,1,0,0,0,""
128,770,"((C2 x Q8) : C4) : C2",10,21,8,16,1,1,0,0,0,""
128,770,"((C2 x Q8) : C4) : C2",19,25,8,16,1,1,0,0,0,""
128,771,"((C2 x (C4 : C4)) : C2) : C2",2,11,8,16,1,1,0,0,0,""
128,771,"((C2 x (C4 : C4)) : C2) : C2",3,13,8,16,1,1,0,0,0,""
128,771,"((C2 x (C4 : C4)) : C2) : C2",4,14,8,16,1,1,0,0,0,""
128,771,"((C2 x (C4 : C4)) : C2) : C2",9,20,8,16,1,1,0,0,0,""
128,771,"((C2 x (C4 : C4)) : C2) : C2",10,21,8,16,1,1,0,0,0,""
128,771,"((C2 x (C4 : C4)) : C2) : C2",12,22,8,16,1,1,0,0,0,""
128,772,"((C2 x (C4 : C4)) : C2) : C2",2,11,8,16,1,1,0,0,0,""
128,772,"((C2 x (C4 : C4)) : C2) : C2",3,13,8,16,1,1,0,0,0,""
128,772,"((C2 x (C4 : C4)) : C2) : C2",4,14,8,16,1,1,0,0,0,""
128,772,"((C2 x (C4 : C4)) : C2) : C2",9,20,8,16,1,1,0,0,0,""
128,772,"((C2 x (C4 : C4)) : C2) : C2",10,21,8,16,1,1,0,0,0,""
128,772,"((C2 x (C4 : C4)) : C2) : C2",12,22,8,16,1,1,0,0,0,""
128,773,"(C2 x ((C8 x C2) : C2)) : C2",2,11,8,16,1,1,0,0,0,""
128,773,"(C2 x ((C8 x C2) : C2)) : C2",3,13,8,16,1,1,0,0,0,""
128,773,"(C2 x ((C8 x C2) : C2)) : C2",4,14,8,16,1,1,0,0,0,""
128,773,"(C2 x ((C8 x C2) : C2)) : C2",19,29,8,16,1,1,0,0,0,""
128,774,"(C2 x (Q8 : C4)) : C2",2,11,8,16,1,1,0,0,0,""
128,774,"(C2 x (Q8 : C4)) : C2",3,13,8,16,1,1,0,0,0,""
128,774,"(C2 x (Q8 : C4)) : C2",4,14,8,16,1,1,0,0,0,""
128,774,"(C2 x (Q8 : C4)) : C2",19,29,8,16,1,1,0,0,0,""
128,775,"(C2 x C2 x C2) . (C2 x D8) = (C4 x C2 x C2) . (C2 x C2 x C2)",2,11,8,16,1,1,0,0,0,""
128,775,"(C2 x C2 x C2) . (C2 x D8) = (C4 x C2 x C2) . (C2 x C2 x C2)",3,13,8,16,1,1,0,0,0,""
128,775,"(C2 x C2 x C2) . (C2 x D8) = (C4 x C2 x C2) . (C2 x C2 x C2)",4,14,8,16,1,1,0,0,0,""
128,775,"(C2 x C2 x C2) . (C2 x D8) = (C4 x C2 x C2) . (C2 x C2 x C2)",19,29,8,16,1,1,0,0,0,""
128,776,"((C4 x C2 x C2 x C2) : C2) : C2",2,11,8,16,1,1,0,0,0,""
128,776,"((C4 x C2 x C2 x C2) : C2) : C2",3,13,8,16,1,1,0,0,0,""
128,776,"((C4 x C2 x C2 x C2) : C2) : C2",9,21,8,16,1,1,0,0,0,""
128,776,"((C4 x C2 x C2 x C2) : C2) : C2",10,22,8,16,1,1,0,0,0,""
128,776,"((C4 x C2 x C2 x C2) : C2) : C2",12,23,8,16,1,1,0,0,0,""
128,776,"((C4 x C2 x C2 x C2) : C2) : C2",20,26,8,16,1,1,0,0,0,""
128,777,"(C2 x ((C8 : C2) : C2)) : C2",2,11,8,16,1,1,0,0,0,""
128,777,"(C2 x ((C8 : C2) : C2)) : C2",3,13,8,16,1,1,0,0,0,""
128,777,"(C2 x ((C8 : C2) : C2)) : C2",4,14,8,16,1,1,0,0,0,""
128,777,"(C2 x ((C8 : C2) : C2)) : C2",9,21,4,8,2,2,0,0,0,""
128,777,"(C2 x ((C8 : C2) : C2)) : C2",10,22,8,16,1,1,0,0,0,""
128,777,"(C2 x ((C8 : C2) : C2)) : C2",12,23,8,16,1,1,0,0,0,""
128,777,"(C2 x ((C8 : C2) : C2)) : C2",18,26,8,16,1,1,0,0,0,""
128,777,"(C2 x ((C8 : C2) : C2)) : C2",19,20,4,8,2,2,0,0,0,""
128,778,"(C2 x (C2 . ((C4 x C2) : C2) = (C2 x C2) . (C4 x C2))) : C2",2,11,8,16,1,1,0,0,0,""
128,778,"(C2 x (C2 . ((C4 x C2) : C2) = (C2 x C2) . (C4 x C2))) : C2",3,13,8,16,1,1,0,0,0,""
128,778,"(C2 x (C2 . ((C4 x C2) : C2) = (C2 x C2) . (C4 x C2))) : C2",4,14,8,16,1,1,0,0,0,""
128,778,"(C2 x (C2 . ((C4 x C2) : C2) = (C2 x C2) . (C4 x C2))) : C2",9,21,4,8,2,2,0,0,0,""
128,778,"(C2 x (C2 . ((C4 x C2) : C2) = (C2 x C2) . (C4 x C2))) : C2",10,22,8,16,1,1,0,0,0,""
128,778,"(C2 x (C2 . ((C4 x C2) : C2) = (C2 x C2) . (C4 x C2))) : C2",12,23,8,16,1,1,0,0,0,""
128,778,"(C2 x (C2 . ((C4 x C2) : C2) = (C2 x C2) . (C4 x C2))) : C2",18,26,8,16,1,1,0,0,0,""
128,778,"(C2 x (C2 . ((C4 x C2) : C2) = (C2 x C2) . (C4 x C2))) : C2",19,20,4,8,2,2,0,0,0,""
128,779,"(C2 x C2) . ((C4 x C2 x C2) : C2) = (C4 x C2 x C2) . (C2 x C2 x C2)",2,11,8,16,1,1,0,0,0,""
128,779,"(C2 x C2) . ((C4 x C2 x C2) : C2) = (C4 x C2 x C2) . (C2 x C2 x C2)",3,13,8,16,1,1,0,0,0,""
128,779,"(C2 x C2) . ((C4 x C2 x C2) : C2) = (C4 x C2 x C2) . (C2 x C2 x C2)",4,14,8,16,1,1,0,0,0,""
128,779,"(C2 x C2) . ((C4 x C2 x C2) : C2) = (C4 x C2 x C2) . (C2 x C2 x C2)",9,21,4,8,2,2,0,0,0,""
128,779,"(C2 x C2) . ((C4 x C2 x C2) : C2) = (C4 x C2 x C2) . (C2 x C2 x C2)",10,22,8,16,1,1,0,0,0,""
128,779,"(C2 x C2) . ((C4 x C2 x C2) : C2) = (C4 x C2 x C2) . (C2 x C2 x C2)",12,23,8,16,1,1,0,0,0,""
128,779,"(C2 x C2) . ((C4 x C2 x C2) : C2) = (C4 x C2 x C2) . (C2 x C2 x C2)",18,26,8,16,1,1,0,0,0,""
128,779,"(C2 x C2) . ((C4 x C2 x C2) : C2) = (C4 x C2 x C2) . (C2 x C2 x C2)",19,20,4,8,2,2,0,0,0,""
128,780,"((C2 x (C8 : C2)) : C2) : C2",2,11,8,16,1,1,0,0,0,""
128,780,"((C2 x (C8 : C2)) : C2) : C2",3,13,8,16,1,1,0,0,0,""
128,780,"((C2 x (C8 : C2)) : C2) : C2",4,14,8,16,1,1,0,0,0,""
128,780,"((C2 x (C8 : C2)) : C2) : C2",9,19,8,16,1,1,0,0,0,""
128,780,"((C2 x (C8 : C2)) : C2) : C2",10,20,8,16,1,1,0,0,0,""
128,780,"((C2 x (C8 : C2)) : C2) : C2",12,21,8,16,1,1,0,0,0,""
128,780,"((C2 x (C8 : C2)) : C2) : C2",18,23,8,16,1,1,0,0,0,""
128,781,"((Q8 : C4) : C2) : C2",2,11,8,16,1,1,0,0,0,""
128,781,"((Q8 : C4) : C2) : C2",3,13,8,16,1,1,0,0,0,""
128,781,"((Q8 : C4) : C2) : C2",4,14,8,16,1,1,0,0,0,""
128,781,"((Q8 : C4) : C2) : C2",9,19,8,16,1,1,0,0,0,""
128,781,"((Q8 : C4) : C2) : C2",10,20,8,16,1,1,0,0,0,""
128,781,"((Q8 : C4) : C2) : C2",12,21,8,16,1,1,0,0,0,""
128,781,"((Q8 : C4) : C2) : C2",18,23,8,16,1,1,0,0,0,""
128,782,"((C2 x (C8 : C2)) : C2) : C2",2,11,8,16,1,1,0,0,0,""
128,782,"((C2 x (C8 : C2)) : C2) : C2",3,13,8,16,1,1,0,0,0,""
128,782,"((C2 x (C8 : C2)) : C2) : C2",4,14,8,16,1,1,0,0,0,""
128,782,"((C2 x (C8 : C2)) : C2) : C2",9,19,8,16,1,1,0,0,0,""
128,782,"((C2 x (C8 : C2)) : C2) : C2",10,20,8,16,1,1,0,0,0,""
128,782,"((C2 x (C8 : C2)) : C2) : C2",12,21,8,16,1,1,0,0,0,""
128,783,"((C2 x (C8 : C2)) : C2) : C2",2,11,8,16,1,1,0,0,0,""
128,783,"((C2 x (C8 : C2)) : C2) : C2",3,13,8,16,1,1,0,0,0,""
128,783,"((C2 x (C8 : C2)) : C2) : C2",4,14,8,16,1,1,0,0,0,""
128,783,"((C2 x (C8 : C2)) : C2) : C2",9,19,8,16,1,1,0,0,0,""
128,783,"((C2 x (C8 : C2)) : C2) : C2",10,20,8,16,1,1,0,0,0,""
128,783,"((C2 x (C8 : C2)) : C2) : C2",12,21,8,16,1,1,0,0,0,""
128,783,"((C2 x (C8 : C2)) : C2) : C2",18,25,4,8,2,2,0,0,0,""
128,783,"((C2 x (C8 : C2)) : C2) : C2",24,26,4,8,2,2,0,0,0,""
128,784,"(C2 x (C2 . ((C4 x C2) : C2) = (C2 x C2) . (C4 x C2))) : C2",2,11,8,16,1,1,0,0,0,""
128,784,"(C2 x (C2 . ((C4 x C2) : C2) = (C2 x C2) . (C4 x C2))) : C2",3,13,8,16,1,1,0,0,0,""
128,784,"(C2 x (C2 . ((C4 x C2) : C2) = (C2 x C2) . (C4 x C2))) : C2",4,14,8,16,1,1,0,0,0,""
128,784,"(C2 x (C2 . ((C4 x C2) : C2) = (C2 x C2) . (C4 x C2))) : C2",9,19,8,16,1,1,0,0,0,""
128,784,"(C2 x (C2 . ((C4 x C2) : C2) = (C2 x C2) . (C4 x C2))) : C2",10,20,8,16,1,1,0,0,0,""
128,784,"(C2 x (C2 . ((C4 x C2) : C2) = (C2 x C2) . (C4 x C2))) : C2",12,21,8,16,1,1,0,0,0,""
128,784,"(C2 x (C2 . ((C4 x C2) : C2) = (C2 x C2) . (C4 x C2))) : C2",18,25,4,8,2,2,0,0,0,""
128,784,"(C2 x (C2 . ((C4 x C2) : C2) = (C2 x C2) . (C4 x C2))) : C2",24,26,4,8,2,2,0,0,0,""
128,785,"((C8 x C2 x C2) : C2) : C2",2,11,8,16,1,1,0,0,0,""
128,785,"((C8 x C2 x C2) : C2) : C2",3,13,8,16,1,1,0,0,0,""
128,785,"((C8 x C2 x C2) : C2) : C2",9,20,8,16,1,1,0,0,0,""
128,785,"((C8 x C2 x C2) : C2) : C2",10,21,8,16,1,1,0,0,0,""
128,785,"((C8 x C2 x C2) : C2) : C2",12,22,8,16,1,1,0,0,0,""
128,785,"((C8 x C2 x C2) : C2) : C2",19,25,8,16,1,1,0,0,0,""
128,786,"(C2 x ((C8 x C2) : C2)) : C2",2,11,8,16,1,1,0,0,0,""
128,786,"(C2 x ((C8 x C2) : C2)) : C2",3,13,8,16,1,1,0,0,0,""
128,786,"(C2 x ((C8 x C2) : C2)) : C2",10,22,8,16,1,1,0,0,0,""
128,786,"(C2 x ((C8 x C2) : C2)) : C2",12,23,8,16,1,1,0,0,0,""
128,787,"(C2 x (Q8 : C4)) : C2",2,11,8,16,1,1,0,0,0,""
128,787,"(C2 x (Q8 : C4)) : C2",3,13,8,16,1,1,0,0,0,""
128,787,"(C2 x (Q8 : C4)) : C2",10,22,8,16,1,1,0,0,0,""
128,787,"(C2 x (Q8 : C4)) : C2",12,23,8,16,1,1,0,0,0,""
128,788,"(C4 x C2) : Q16",2,11,8,16,1,1,0,0,0,""
128,788,"(C4 x C2) : Q16",3,13,8,16,1,1,0,0,0,""
128,788,"(C4 x C2) : Q16",10,22,8,16,1,1,0,0,0,""
128,788,"(C4 x C2) : Q16",12,23,8,16,1,1,0,0,0,""
128,789,"(C8 x C2) : Q8",2,11,8,16,1,1,0,0,0,""
128,789,"(C8 x C2) : Q8",4,15,8,16,1,1,0,0,0,""
128,789,"(C8 x C2) : Q8",9,22,8,16,1,1,0,0,0,""
128,789,"(C8 x C2) : Q8",12,25,8,16,1,1,0,0,0,""
128,790,"(C8 x C2) : Q8",2,11,8,16,1,1,0,0,0,""
128,790,"(C8 x C2) : Q8",4,15,8,16,1,1,0,0,0,""
128,790,"(C8 x C2) : Q8",9,22,8,16,1,1,0,0,0,""
128,790,"(C8 x C2) : Q8",12,25,8,16,1,1,0,0,0,""
128,791,"(C2 x C2 x C2) . (C2 x D8) = (C4 x C2 x C2) . (C2 x C2 x C2)",2,11,8,16,1,1,0,0,0,""
128,791,"(C2 x C2 x C2) . (C2 x D8) = (C4 x C2 x C2) . (C2 x C2 x C2)",4,15,8,16,1,1,0,0,0,""
128,791,"(C2 x C2 x C2) . (C2 x D8) = (C4 x C2 x C2) . (C2 x C2 x C2)",9,22,8,16,1,1,0,0,0,""
128,791,"(C2 x C2 x C2) . (C2 x D8) = (C4 x C2 x C2) . (C2 x C2 x C2)",12,25,8,16,1,1,0,0,0,""
128,792,"(C8 : C2) : Q8",2,11,8,16,1,1,0,0,0,""
128,792,"(C8 : C2) : Q8",3,13,8,16,1,1,0,0,0,""
128,792,"(C8 : C2) : Q8",4,14,8,16,1,1,0,0,0,""
128,792,"(C8 : C2) : Q8",9,20,8,16,1,1,0,0,0,""
128,792,"(C8 : C2) : Q8",10,21,8,16,1,1,0,0,0,""
128,792,"(C8 : C2) : Q8",19,25,8,16,1,1,0,0,0,""
128,793,"(C8 : C2) : Q8",2,11,8,16,1,1,0,0,0,""
128,793,"(C8 : C2) : Q8",3,13,8,16,1,1,0,0,0,""
128,793,"(C8 : C2) : Q8",4,14,8,16,1,1,0,0,0,""
128,793,"(C8 : C2) : Q8",9,20,8,16,1,1,0,0,0,""
128,793,"(C8 : C2) : Q8",10,21,8,16,1,1,0,0,0,""
128,793,"(C8 : C2) : Q8",19,25,8,16,1,1,0,0,0,""
128,794,"((C4 x C2) : C2) : Q8",2,11,8,16,1,1,0,0,0,""
128,794,"((C4 x C2) : C2) : Q8",3,13,8,16,1,1,0,0,0,""
128,794,"((C4 x C2) : C2) : Q8",9,21,8,16,1,1,0,0,0,""
128,794,"((C4 x C2) : C2) : Q8",10,22,8,16,1,1,0,0,0,""
128,794,"((C4 x C2) : C2) : Q8",12,23,8,16,1,1,0,0,0,""
128,794,"((C4 x C2) : C2) : Q8",20,26,8,16,1,1,0,0,0,""
128,795,"((C8 : C2) : C4) : C2",2,11,8,16,1,1,0,0,0,""
128,795,"((C8 : C2) : C4) : C2",3,14,4,8,2,2,0,0,0,""
128,795,"((C8 : C2) : C4) : C2",4,15,8,16,1,1,0,0,0,""
128,795,"((C8 : C2) : C4) : C2",9,20,8,16,1,1,0,0,0,""
128,795,"((C8 : C2) : C4) : C2",10,21,8,16,1,1,0,0,0,""
128,795,"((C8 : C2) : C4) : C2",12,22,8,16,1,1,0,0,0,""
128,795,"((C8 : C2) : C4) : C2",13,23,4,8,2,2,0,0,0,""
128,795,"((C8 : C2) : C4) : C2",19,26,8,16,1,1,0,0,0,""
128,796,"(C2 x C2) . ((C4 x C2 x C2) : C2) = (C4 x C2 x C2) . (C2 x C2 x C2)",2,11,8,16,1,1,0,0,0,""
128,796,"(C2 x C2) . ((C4 x C2 x C2) : C2) = (C4 x C2 x C2) . (C2 x C2 x C2)",3,14,4,8,2,2,0,0,0,""
128,796,"(C2 x C2) . ((C4 x C2 x C2) : C2) = (C4 x C2 x C2) . (C2 x C2 x C2)",4,15,8,16,1,1,0,0,0,""
128,796,"(C2 x C2) . ((C4 x C2 x C2) : C2) = (C4 x C2 x C2) . (C2 x C2 x C2)",9,20,8,16,1,1,0,0,0,""
128,796,"(C2 x C2) . ((C4 x C2 x C2) : C2) = (C4 x C2 x C2) . (C2 x C2 x C2)",10,21,8,16,1,1,0,0,0,""
128,796,"(C2 x C2) . ((C4 x C2 x C2) : C2) = (C4 x C2 x C2) . (C2 x C2 x C2)",12,22,8,16,1,1,0,0,0,""
128,796,"(C2 x C2) . ((C4 x C2 x C2) : C2) = (C4 x C2 x C2) . (C2 x C2 x C2)",13,23,4,8,2,2,0,0,0,""
128,796,"(C2 x C2) . ((C4 x C2 x C2) : C2) = (C4 x C2 x C2) . (C2 x C2 x C2)",19,26,8,16,1,1,0,0,0,""
128,797,"((C4 : C4) : C4) : C2",2,11,8,16,1,1,0,0,0,""
128,797,"((C4 : C4) : C4) : C2",4,15,8,16,1,1,0,0,0,""
128,797,"((C4 : C4) : C4) : C2",9,20,8,16,1,1,0,0,0,""
128,797,"((C4 : C4) : C4) : C2",12,24,8,16,1,1,0,0,0,""
128,798,"(C2 x C2 x C2) . (C2 x D8) = (C4 x C2 x C2) . (C2 x C2 x C2)",2,11,8,16,1,1,0,0,0,""
128,798,"(C2 x C2 x C2) . (C2 x D8) = (C4 x C2 x C2) . (C2 x C2 x C2)",4,15,8,16,1,1,0,0,0,""
128,798,"(C2 x C2 x C2) . (C2 x D8) = (C4 x C2 x C2) . (C2 x C2 x C2)",9,20,8,16,1,1,0,0,0,""
128,798,"(C2 x C2 x C2) . (C2 x D8) = (C4 x C2 x C2) . (C2 x C2 x C2)",12,24,8,16,1,1,0,0,0,""
128,799,"((C4 : C4) : C4) : C2",2,11,8,16,1,1,0,0,0,""
128,799,"((C4 : C4) : C4) : C2",4,15,8,16,1,1,0,0,0,""
128,799,"((C4 : C4) : C4) : C2",9,20,8,16,1,1,0,0,0,""
128,799,"((C4 : C4) : C4) : C2",12,24,8,16,1,1,0,0,0,""
128,800,"(C2 x C2 x C2) . (C2 x D8) = (C4 x C2 x C2) . (C2 x C2 x C2)",2,11,8,16,1,1,0,0,0,""
128,800,"(C2 x C2 x C2) . (C2 x D8) = (C4 x C2 x C2) . (C2 x C2 x C2)",4,15,8,16,1,1,0,0,0,""
128,800,"(C2 x C2 x C2) . (C2 x D8) = (C4 x C2 x C2) . (C2 x C2 x C2)",9,20,8,16,1,1,0,0,0,""
128,800,"(C2 x C2 x C2) . (C2 x D8) = (C4 x C2 x C2) . (C2 x C2 x C2)",12,24,8,16,1,1,0,0,0,""
128,801,"((C4 . D8 = C4 . (C4 x C2)) : C2) : C2",2,11,8,16,1,1,0,0,0,""
128,801,"((C4 . D8 = C4 . (C4 x C2)) : C2) : C2",3,13,8,16,1,1,0,0,0,""
128,801,"((C4 . D8 = C4 . (C4 x C2)) : C2) : C2",4,14,8,16,1,1,0,0,0,""
128,801,"((C4 . D8 = C4 . (C4 x C2)) : C2) : C2",9,19,8,16,1,1,0,0,0,""
128,801,"((C4 . D8 = C4 . (C4 x C2)) : C2) : C2",10,20,8,16,1,1,0,0,0,""
128,801,"((C4 . D8 = C4 . (C4 x C2)) : C2) : C2",12,21,8,16,1,1,0,0,0,""
128,801,"((C4 . D8 = C4 . (C4 x C2)) : C2) : C2",18,23,8,16,1,1,0,0,0,""
128,802,"C2 . ((C2 x (C4 : C4)) : C2) = (C4 x C2 x C2) . (C2 x C2 x C2)",2,11,8,16,1,1,0,0,0,""
128,802,"C2 . ((C2 x (C4 : C4)) : C2) = (C4 x C2 x C2) . (C2 x C2 x C2)",3,13,8,16,1,1,0,0,0,""
128,802,"C2 . ((C2 x (C4 : C4)) : C2) = (C4 x C2 x C2) . (C2 x C2 x C2)",4,14,8,16,1,1,0,0,0,""
128,802,"C2 . ((C2 x (C4 : C4)) : C2) = (C4 x C2 x C2) . (C2 x C2 x C2)",9,19,8,16,1,1,0,0,0,""
128,802,"C2 . ((C2 x (C4 : C4)) : C2) = (C4 x C2 x C2) . (C2 x C2 x C2)",10,20,8,16,1,1,0,0,0,""
128,802,"C2 . ((C2 x (C4 : C4)) : C2) = (C4 x C2 x C2) . (C2 x C2 x C2)",12,21,8,16,1,1,0,0,0,""
128,802,"C2 . ((C2 x (C4 : C4)) : C2) = (C4 x C2 x C2) . (C2 x C2 x C2)",18,23,8,16,1,1,0,0,0,""
128,803,"((C4 x C4) : C4) : C2",3,14,8,16,1,1,0,0,0,""
128,803,"((C4 x C4) : C4) : C2",4,15,8,16,1,1,0,0,0,""
128,803,"((C4 x C4) : C4) : C2",9,22,8,16,1,1,0,0,0,""
128,803,"((C4 x C4) : C4) : C2",10,23,8,16,1,1,0,0,0,""
128,804,"(C2 x C2 x C2) . (C2 x D8) = (C4 x C2 x C2) . (C2 x C2 x C2)",3,14,8,16,1,1,0,0,0,""
128,804,"(C2 x C2 x C2) . (C2 x D8) = (C4 x C2 x C2) . (C2 x C2 x C2)",4,15,8,16,1,1,0,0,0,""
128,804,"(C2 x C2 x C2) . (C2 x D8) = (C4 x C2 x C2) . (C2 x C2 x C2)",9,22,8,16,1,1,0,0,0,""
128,804,"(C2 x C2 x C2) . (C2 x D8) = (C4 x C2 x C2) . (C2 x C2 x C2)",10,23,8,16,1,1,0,0,0,""
128,805,"((C4 x C4) : C4) : C2",3,14,8,16,1,1,0,0,0,""
128,805,"((C4 x C4) : C4) : C2",4,15,8,16,1,1,0,0,0,""
128,805,"((C4 x C4) : C4) : C2",9,22,8,16,1,1,0,0,0,""
128,805,"((C4 x C4) : C4) : C2",10,23,8,16,1,1,0,0,0,""
128,806,"(C2 x C2 x C2) . (C2 x D8) = (C4 x C2 x C2) . (C2 x C2 x C2)",3,14,8,16,1,1,0,0,0,""
128,806,"(C2 x C2 x C2) . (C2 x D8) = (C4 x C2 x C2) . (C2 x C2 x C2)",4,15,8,16,1,1,0,0,0,""
128,806,"(C2 x C2 x C2) . (C2 x D8) = (C4 x C2 x C2) . (C2 x C2 x C2)",9,22,8,16,1,1,0,0,0,""
128,806,"(C2 x C2 x C2) . (C2 x D8) = (C4 x C2 x C2) . (C2 x C2 x C2)",10,23,8,16,1,1,0,0,0,""
128,807,"(C2 x (C8 : C4)) : C2",4,16,8,16,1,1,0,0,0,""
128,807,"(C2 x (C8 : C4)) : C2",10,26,8,16,1,1,0,0,0,""
128,807,"(C2 x (C8 : C4)) : C2",13,28,8,16,1,1,0,0,0,""
128,807,"(C2 x (C8 : C4)) : C2",22,32,8,16,1,1,0,0,0,""
128,808,"(C2 x (C8 : C4)) : C2",4,16,8,16,1,1,0,0,0,""
128,808,"(C2 x (C8 : C4)) : C2",10,26,8,16,1,1,0,0,0,""
128,808,"(C2 x (C8 : C4)) : C2",13,28,8,16,1,1,0,0,0,""
128,808,"(C2 x (C8 : C4)) : C2",22,32,8,16,1,1,0,0,0,""
128,809,"(C2 x (C8 : C4)) : C2",4,16,8,16,1,1,0,0,0,""
128,809,"(C2 x (C8 : C4)) : C2",10,26,8,16,1,1,0,0,0,""
128,809,"(C2 x (C8 : C4)) : C2",13,28,8,16,1,1,0,0,0,""
128,809,"(C2 x (C8 : C4)) : C2",22,32,8,16,1,1,0,0,0,""
128,810,"(C2 x (C8 : C4)) : C2",2,11,4,8,2,2,0,0,0,""
128,810,"(C2 x (C8 : C4)) : C2",3,14,8,16,1,1,0,0,0,""
128,810,"(C2 x (C8 : C4)) : C2",4,15,8,16,1,1,0,0,0,""
128,810,"(C2 x (C8 : C4)) : C2",9,21,8,16,1,1,0,0,0,""
128,810,"(C2 x (C8 : C4)) : C2",10,22,8,16,1,1,0,0,0,""
128,810,"(C2 x (C8 : C4)) : C2",12,23,4,8,2,2,0,0,0,""
128,810,"(C2 x (C8 : C4)) : C2",13,24,8,16,1,1,0,0,0,""
128,810,"(C2 x (C8 : C4)) : C2",20,26,8,16,1,1,0,0,0,""
128,811,"(C2 x (C8 : C4)) : C2",2,11,4,8,2,2,0,0,0,""
128,811,"(C2 x (C8 : C4)) : C2",3,14,8,16,1,1,0,0,0,""
128,811,"(C2 x (C8 : C4)) : C2",4,15,8,16,1,1,0,0,0,""
128,811,"(C2 x (C8 : C4)) : C2",9,21,8,16,1,1,0,0,0,""
128,811,"(C2 x (C8 : C4)) : C2",10,22,8,16,1,1,0,0,0,""
128,811,"(C2 x (C8 : C4)) : C2",12,23,4,8,2,2,0,0,0,""
128,811,"(C2 x (C8 : C4)) : C2",13,24,8,16,1,1,0,0,0,""
128,811,"(C2 x (C8 : C4)) : C2",20,26,8,16,1,1,0,0,0,""
128,812,"((C4 : C8) : C2) : C2",2,11,8,16,1,1,0,0,0,""
128,812,"((C4 : C8) : C2) : C2",3,13,8,16,1,1,0,0,0,""
128,812,"((C4 : C8) : C2) : C2",4,14,8,16,1,1,0,0,0,""
128,812,"((C4 : C8) : C2) : C2",9,19,8,16,1,1,0,0,0,""
128,812,"((C4 : C8) : C2) : C2",12,23,8,16,1,1,0,0,0,""
128,812,"((C4 : C8) : C2) : C2",18,26,8,16,1,1,0,0,0,""
128,813,"((C4 . D8 = C4 . (C4 x C2)) : C2) : C2",2,11,8,16,1,1,0,0,0,""
128,813,"((C4 . D8 = C4 . (C4 x C2)) : C2) : C2",3,13,8,16,1,1,0,0,0,""
128,813,"((C4 . D8 = C4 . (C4 x C2)) : C2) : C2",4,14,8,16,1,1,0,0,0,""
128,813,"((C4 . D8 = C4 . (C4 x C2)) : C2) : C2",9,19,8,16,1,1,0,0,0,""
128,813,"((C4 . D8 = C4 . (C4 x C2)) : C2) : C2",10,20,8,16,1,1,0,0,0,""
128,813,"((C4 . D8 = C4 . (C4 x C2)) : C2) : C2",12,21,8,16,1,1,0,0,0,""
128,813,"((C4 . D8 = C4 . (C4 x C2)) : C2) : C2",18,23,8,16,1,1,0,0,0,""
128,814,"C2 . ((C2 x (C4 : C4)) : C2) = (C4 x C2 x C2) . (C2 x C2 x C2)",2,11,8,16,1,1,0,0,0,""
128,814,"C2 . ((C2 x (C4 : C4)) : C2) = (C4 x C2 x C2) . (C2 x C2 x C2)",3,13,8,16,1,1,0,0,0,""
128,814,"C2 . ((C2 x (C4 : C4)) : C2) = (C4 x C2 x C2) . (C2 x C2 x C2)",4,14,8,16,1,1,0,0,0,""
128,814,"C2 . ((C2 x (C4 : C4)) : C2) = (C4 x C2 x C2) . (C2 x C2 x C2)",9,19,8,16,1,1,0,0,0,""
128,814,"C2 . ((C2 x (C4 : C4)) : C2) = (C4 x C2 x C2) . (C2 x C2 x C2)",10,20,8,16,1,1,0,0,0,""
128,814,"C2 . ((C2 x (C4 : C4)) : C2) = (C4 x C2 x C2) . (C2 x C2 x C2)",12,21,8,16,1,1,0,0,0,""
128,814,"C2 . ((C2 x (C4 : C4)) : C2) = (C4 x C2 x C2) . (C2 x C2 x C2)",18,23,8,16,1,1,0,0,0,""
128,815,"(C2 x C2 x C2) . (C2 x D8) = (C4 x C2 x C2) . (C2 x C2 x C2)",3,14,8,16,1,1,0,0,0,""
128,815,"(C2 x C2 x C2) . (C2 x D8) = (C4 x C2 x C2) . (C2 x C2 x C2)",4,15,8,16,1,1,0,0,0,""
128,815,"(C2 x C2 x C2) . (C2 x D8) = (C4 x C2 x C2) . (C2 x C2 x C2)",9,22,8,16,1,1,0,0,0,""
128,815,"(C2 x C2 x C2) . (C2 x D8) = (C4 x C2 x C2) . (C2 x C2 x C2)",10,23,8,16,1,1,0,0,0,""
128,816,"(C2 x C2 x C2) . (C2 x D8) = (C4 x C2 x C2) . (C2 x C2 x C2)",3,14,8,16,1,1,0,0,0,""
128,816,"(C2 x C2 x C2) . (C2 x D8) = (C4 x C2 x C2) . (C2 x C2 x C2)",4,15,8,16,1,1,0,0,0,""
128,816,"(C2 x C2 x C2) . (C2 x D8) = (C4 x C2 x C2) . (C2 x C2 x C2)",9,22,8,16,1,1,0,0,0,""
128,816,"(C2 x C2 x C2) . (C2 x D8) = (C4 x C2 x C2) . (C2 x C2 x C2)",10,23,8,16,1,1,0,0,0,""
128,817,"(C2 x C2 x C2) . (C2 x D8) = (C4 x C2 x C2) . (C2 x C2 x C2)",3,14,8,16,1,1,0,0,0,""
128,817,"(C2 x C2 x C2) . (C2 x D8) = (C4 x C2 x C2) . (C2 x C2 x C2)",4,15,8,16,1,1,0,0,0,""
128,817,"(C2 x C2 x C2) . (C2 x D8) = (C4 x C2 x C2) . (C2 x C2 x C2)",9,22,8,16,1,1,0,0,0,""
128,817,"(C2 x C2 x C2) . (C2 x D8) = (C4 x C2 x C2) . (C2 x C2 x C2)",10,23,8,16,1,1,0,0,0,""
128,818,"(C2 x C2 x C2) . (C2 x D8) = (C4 x C2 x C2) . (C2 x C2 x C2)",4,16,8,16,1,1,0,0,0,""
128,818,"(C2 x C2 x C2) . (C2 x D8) = (C4 x C2 x C2) . (C2 x C2 x C2)",10,26,8,16,1,1,0,0,0,""
128,818,"(C2 x C2 x C2) . (C2 x D8) = (C4 x C2 x C2) . (C2 x C2 x C2)",13,28,8,16,1,1,0,0,0,""
128,818,"(C2 x C2 x C2) . (C2 x D8) = (C4 x C2 x C2) . (C2 x C2 x C2)",22,32,8,16,1,1,0,0,0,""
128,819,"(C2 x C2 x C2) . (C2 x D8) = (C4 x C2 x C2) . (C2 x C2 x C2)",4,16,8,16,1,1,0,0,0,""
128,819,"(C2 x C2 x C2) . (C2 x D8) = (C4 x C2 x C2) . (C2 x C2 x C2)",10,26,8,16,1,1,0,0,0,""
128,819,"(C2 x C2 x C2) . (C2 x D8) = (C4 x C2 x C2) . (C2 x C2 x C2)",13,28,8,16,1,1,0,0,0,""
128,819,"(C2 x C2 x C2) . (C2 x D8) = (C4 x C2 x C2) . (C2 x C2 x C2)",22,32,8,16,1,1,0,0,0,""
128,820,"(C2 x C2 x C2) . (C2 x D8) = (C4 x C2 x C2) . (C2 x C2 x C2)",4,16,8,16,1,1,0,0,0,""
128,820,"(C2 x C2 x C2) . (C2 x D8) = (C4 x C2 x C2) . (C2 x C2 x C2)",10,26,8,16,1,1,0,0,0,""
128,820,"(C2 x C2 x C2) . (C2 x D8) = (C4 x C2 x C2) . (C2 x C2 x C2)",13,28,8,16,1,1,0,0,0,""
128,820,"(C2 x C2 x C2) . (C2 x D8) = (C4 x C2 x C2) . (C2 x C2 x C2)",22,32,8,16,1,1,0,0,0,""
128,821,"(C2 x C2) . ((C4 x C2 x C2) : C2) = (C4 x C2 x C2) . (C2 x C2 x C2)",2,11,4,8,2,2,0,0,0,""
128,821,"(C2 x C2) . ((C4 x C2 x C2) : C2) = (C4 x C2 x C2) . (C2 x C2 x C2)",3,14,8,16,1,1,0,0,0,""
128,821,"(C2 x C2) . ((C4 x C2 x C2) : C2) = (C4 x C2 x C2) . (C2 x C2 x C2)",4,15,8,16,1,1,0,0,0,""
128,821,"(C2 x C2) . ((C4 x C2 x C2) : C2) = (C4 x C2 x C2) . (C2 x C2 x C2)",9,21,8,16,1,1,0,0,0,""
128,821,"(C2 x C2) . ((C4 x C2 x C2) : C2) = (C4 x C2 x C2) . (C2 x C2 x C2)",10,22,8,16,1,1,0,0,0,""
128,821,"(C2 x C2) . ((C4 x C2 x C2) : C2) = (C4 x C2 x C2) . (C2 x C2 x C2)",12,23,4,8,2,2,0,0,0,""
128,821,"(C2 x C2) . ((C4 x C2 x C2) : C2) = (C4 x C2 x C2) . (C2 x C2 x C2)",13,24,8,16,1,1,0,0,0,""
128,821,"(C2 x C2) . ((C4 x C2 x C2) : C2) = (C4 x C2 x C2) . (C2 x C2 x C2)",20,26,8,16,1,1,0,0,0,""
128,822,"(C2 x C2) . ((C4 x C2 x C2) : C2) = (C4 x C2 x C2) . (C2 x C2 x C2)",2,11,4,8,2,2,0,0,0,""
128,822,"(C2 x C2) . ((C4 x C2 x C2) : C2) = (C4 x C2 x C2) . (C2 x C2 x C2)",3,14,8,16,1,1,0,0,0,""
128,822,"(C2 x C2) . ((C4 x C2 x C2) : C2) = (C4 x C2 x C2) . (C2 x C2 x C2)",4,15,8,16,1,1,0,0,0,""
128,822,"(C2 x C2) . ((C4 x C2 x C2) : C2) = (C4 x C2 x C2) . (C2 x C2 x C2)",9,21,8,16,1,1,0,0,0,""
128,822,"(C2 x C2) . ((C4 x C2 x C2) : C2) = (C4 x C2 x C2) . (C2 x C2 x C2)",10,22,8,16,1,1,0,0,0,""
128,822,"(C2 x C2) . ((C4 x C2 x C2) : C2) = (C4 x C2 x C2) . (C2 x C2 x C2)",12,23,4,8,2,2,0,0,0,""
128,822,"(C2 x C2) . ((C4 x C2 x C2) : C2) = (C4 x C2 x C2) . (C2 x C2 x C2)",13,24,8,16,1,1,0,0,0,""
128,822,"(C2 x C2) . ((C4 x C2 x C2) : C2) = (C4 x C2 x C2) . (C2 x C2 x C2)",20,26,8,16,1,1,0,0,0,""
128,823,"(C4 . (C4 x C4)) : C2",2,11,8,16,1,1,0,0,0,""
128,823,"(C4 . (C4 x C4)) : C2",3,13,8,16,1,1,0,0,0,""
128,823,"(C4 . (C4 x C4)) : C2",9,20,8,16,1,1,0,0,0,""
128,823,"(C4 . (C4 x C4)) : C2",10,21,8,16,1,1,0,0,0,""
128,823,"(C4 . (C4 x C4)) : C2",12,22,8,16,1,1,0,0,0,""
128,823,"(C4 . (C4 x C4)) : C2",19,26,8,16,1,1,0,0,0,""
128,824,"((C8 x C2) : C4) : C2",3,14,8,16,1,1,0,0,0,""
128,824,"((C8 x C2) : C4) : C2",4,15,8,16,1,1,0,0,0,""
128,824,"((C8 x C2) : C4) : C2",9,21,8,16,1,1,0,0,0,""
128,824,"((C8 x C2) : C4) : C2",10,22,8,16,1,1,0,0,0,""
128,825,"((C8 x C2) : C4) : C2",3,14,8,16,1,1,0,0,0,""
128,825,"((C8 x C2) : C4) : C2",4,15,8,16,1,1,0,0,0,""
128,825,"((C8 x C2) : C4) : C2",9,21,8,16,1,1,0,0,0,""
128,825,"((C8 x C2) : C4) : C2",10,22,8,16,1,1,0,0,0,""
128,826,"((C8 x C2) : C4) : C2",3,14,8,16,1,1,0,0,0,""
128,826,"((C8 x C2) : C4) : C2",4,15,8,16,1,1,0,0,0,""
128,826,"((C8 x C2) : C4) : C2",9,21,8,16,1,1,0,0,0,""
128,826,"((C8 x C2) : C4) : C2",10,22,8,16,1,1,0,0,0,""
128,827,"(C2 x C2 x C2) . (C2 x D8) = (C4 x C2 x C2) . (C2 x C2 x C2)",3,14,8,16,1,1,0,0,0,""
128,827,"(C2 x C2 x C2) . (C2 x D8) = (C4 x C2 x C2) . (C2 x C2 x C2)",4,15,8,16,1,1,0,0,0,""
128,827,"(C2 x C2 x C2) . (C2 x D8) = (C4 x C2 x C2) . (C2 x C2 x C2)",9,21,8,16,1,1,0,0,0,""
128,827,"(C2 x C2 x C2) . (C2 x D8) = (C4 x C2 x C2) . (C2 x C2 x C2)",10,22,8,16,1,1,0,0,0,""
128,828,"(C2 x C2 x C2) . (C2 x D8) = (C4 x C2 x C2) . (C2 x C2 x C2)",3,14,8,16,1,1,0,0,0,""
128,828,"(C2 x C2 x C2) . (C2 x D8) = (C4 x C2 x C2) . (C2 x C2 x C2)",4,15,8,16,1,1,0,0,0,""
128,828,"(C2 x C2 x C2) . (C2 x D8) = (C4 x C2 x C2) . (C2 x C2 x C2)",9,21,8,16,1,1,0,0,0,""
128,828,"(C2 x C2 x C2) . (C2 x D8) = (C4 x C2 x C2) . (C2 x C2 x C2)",10,22,8,16,1,1,0,0,0,""
128,829,"(C2 x C2 x C2) . (C2 x D8) = (C4 x C2 x C2) . (C2 x C2 x C2)",3,14,8,16,1,1,0,0,0,""
128,829,"(C2 x C2 x C2) . (C2 x D8) = (C4 x C2 x C2) . (C2 x C2 x C2)",4,15,8,16,1,1,0,0,0,""
128,829,"(C2 x C2 x C2) . (C2 x D8) = (C4 x C2 x C2) . (C2 x C2 x C2)",9,21,8,16,1,1,0,0,0,""
128,829,"(C2 x C2 x C2) . (C2 x D8) = (C4 x C2 x C2) . (C2 x C2 x C2)",10,22,8,16,1,1,0,0,0,""
128,830,"((C8 x C2) : C4) : C2",2,11,8,16,1,1,0,0,0,""
128,830,"((C8 x C2) : C4) : C2",3,13,8,16,1,1,0,0,0,""
128,830,"((C8 x C2) : C4) : C2",4,14,8,16,1,1,0,0,0,""
128,830,"((C8 x C2) : C4) : C2",9,19,8,16,1,1,0,0,0,""
128,830,"((C8 x C2) : C4) : C2",12,23,8,16,1,1,0,0,0,""
128,830,"((C8 x C2) : C4) : C2",18,26,8,16,1,1,0,0,0,""
128,831,"(C2 x C2 x C2) . (C2 x D8) = (C4 x C2 x C2) . (C2 x C2 x C2)",3,14,8,16,1,1,0,0,0,""
128,831,"(C2 x C2 x C2) . (C2 x D8) = (C4 x C2 x C2) . (C2 x C2 x C2)",4,15,8,16,1,1,0,0,0,""
128,831,"(C2 x C2 x C2) . (C2 x D8) = (C4 x C2 x C2) . (C2 x C2 x C2)",9,22,8,16,1,1,0,0,0,""
128,831,"(C2 x C2 x C2) . (C2 x D8) = (C4 x C2 x C2) . (C2 x C2 x C2)",10,23,8,16,1,1,0,0,0,""
128,832,"(C2 x C2 x C2) . (C2 x D8) = (C4 x C2 x C2) . (C2 x C2 x C2)",3,14,8,16,1,1,0,0,0,""
128,832,"(C2 x C2 x C2) . (C2 x D8) = (C4 x C2 x C2) . (C2 x C2 x C2)",4,15,8,16,1,1,0,0,0,""
128,832,"(C2 x C2 x C2) . (C2 x D8) = (C4 x C2 x C2) . (C2 x C2 x C2)",9,22,8,16,1,1,0,0,0,""
128,832,"(C2 x C2 x C2) . (C2 x D8) = (C4 x C2 x C2) . (C2 x C2 x C2)",10,23,8,16,1,1,0,0,0,""
128,833,"(C2 x C2 x C2) . (C2 x D8) = (C4 x C2 x C2) . (C2 x C2 x C2)",3,14,8,16,1,1,0,0,0,""
128,833,"(C2 x C2 x C2) . (C2 x D8) = (C4 x C2 x C2) . (C2 x C2 x C2)",4,15,8,16,1,1,0,0,0,""
128,833,"(C2 x C2 x C2) . (C2 x D8) = (C4 x C2 x C2) . (C2 x C2 x C2)",9,22,8,16,1,1,0,0,0,""
128,833,"(C2 x C2 x C2) . (C2 x D8) = (C4 x C2 x C2) . (C2 x C2 x C2)",10,23,8,16,1,1,0,0,0,""
128,834,"C4 . ((C4 x C4) : C2) = (C4 x C2 x C2) . (C2 x C2 x C2)",2,11,8,16,1,1,0,0,0,""
128,834,"C4 . ((C4 x C4) : C2) = (C4 x C2 x C2) . (C2 x C2 x C2)",3,13,8,16,1,1,0,0,0,""
128,834,"C4 . ((C4 x C4) : C2) = (C4 x C2 x C2) . (C2 x C2 x C2)",4,14,8,16,1,1,0,0,0,""
128,834,"C4 . ((C4 x C4) : C2) = (C4 x C2 x C2) . (C2 x C2 x C2)",9,19,8,16,1,1,0,0,0,""
128,834,"C4 . ((C4 x C4) : C2) = (C4 x C2 x C2) . (C2 x C2 x C2)",12,23,8,16,1,1,0,0,0,""
128,834,"C4 . ((C4 x C4) : C2) = (C4 x C2 x C2) . (C2 x C2 x C2)",18,26,8,16,1,1,0,0,0,""
128,835,"C4 . ((C4 x C4) : C2) = (C4 x C2 x C2) . (C2 x C2 x C2)",2,11,8,16,1,1,0,0,0,""
128,835,"C4 . ((C4 x C4) : C2) = (C4 x C2 x C2) . (C2 x C2 x C2)",3,13,8,16,1,1,0,0,0,""
128,835,"C4 . ((C4 x C4) : C2) = (C4 x C2 x C2) . (C2 x C2 x C2)",9,20,8,16,1,1,0,0,0,""
128,835,"C4 . ((C4 x C4) : C2) = (C4 x C2 x C2) . (C2 x C2 x C2)",10,21,8,16,1,1,0,0,0,""
128,835,"C4 . ((C4 x C4) : C2) = (C4 x C2 x C2) . (C2 x C2 x C2)",12,22,8,16,1,1,0,0,0,""
128,835,"C4 . ((C4 x C4) : C2) = (C4 x C2 x C2) . (C2 x C2 x C2)",19,26,8,16,1,1,0,0,0,""
128,836,"C2 . ((C2 x C2 x C2) . (C2 x C2 x C2)) = (C2 x C2 x C2 x C2) . (C2 x C2 x C2)",2,11,8,16,1,1,0,0,0,""
128,836,"C2 . ((C2 x C2 x C2) . (C2 x C2 x C2)) = (C2 x C2 x C2 x C2) . (C2 x C2 x C2)",3,13,8,16,1,1,0,0,0,""
128,836,"C2 . ((C2 x C2 x C2) . (C2 x C2 x C2)) = (C2 x C2 x C2 x C2) . (C2 x C2 x C2)",4,14,8,16,1,1,0,0,0,""
128,836,"C2 . ((C2 x C2 x C2) . (C2 x C2 x C2)) = (C2 x C2 x C2 x C2) . (C2 x C2 x C2)",9,19,8,16,1,1,0,0,0,""
128,836,"C2 . ((C2 x C2 x C2) . (C2 x C2 x C2)) = (C2 x C2 x C2 x C2) . (C2 x C2 x C2)",10,20,8,16,1,1,0,0,0,""
128,836,"C2 . ((C2 x C2 x C2) . (C2 x C2 x C2)) = (C2 x C2 x C2 x C2) . (C2 x C2 x C2)",12,21,8,16,1,1,0,0,0,""
128,836,"C2 . ((C2 x C2 x C2) . (C2 x C2 x C2)) = (C2 x C2 x C2 x C2) . (C2 x C2 x C2)",18,23,8,16,1,1,0,0,0,""
128,853,"(C2 x ((C2 x C2 x C2) : C4)) : C2",4,16,2,4,1,1,0,0,0,""
128,854,"(((C2 x C2 x C2) : C4) : C2) : C2",4,16,2,4,1,1,0,0,0,""
128,855,"((C4 x C2 x C2) : C4) : C2",4,16,2,4,1,1,0,0,0,""
128,859,"(C2 x ((C2 x C2 x C2) : C4)) : C2",4,16,2,4,1,1,0,0,0,""
128,860,"(((C2 x C2 x C2) : C4) : C2) : C2",4,16,2,4,1,1,0,0,0,""
128,861,"((C2 x Q8) : C4) : C2",4,16,2,4,1,1,0,0,0,""
128,865,"(C2 x (C2 . ((C4 x C2) : C2) = (C2 x C2) . (C4 x C2))) : C2",4,16,2,4,1,1,0,0,0,""
128,866,"((C2 . ((C4 x C2) : C2) = (C2 x C2) . (C4 x C2)) : C2) : C2",4,16,2,4,1,1,0,0,0,""
128,867,"(C2 . ((C2 x C2 x C2) : C4) = (C4 x C2) . (C4 x C2)) : C2",4,16,2,4,1,1,0,0,0,""
128,912,"(Q16 : C4) : C2",6,17,2,4,1,1,0,0,0,""
128,913,"((C8 : C4) : C2) : C2",6,17,2,4,1,1,0,0,0,""
128,916,"((C2 x D16) : C2) : C2",3,12,8,16,1,1,0,0,0,""
128,916,"((C2 x D16) : C2) : C2",11,23,8,16,1,1,0,0,0,""
128,917,"(C2 x QD32) : C2",3,12,8,16,1,1,0,0,0,""
128,917,"(C2 x QD32) : C2",11,23,8,16,1,1,0,0,0,""
128,918,"((C2 x D16) : C2) : C2",3,12,8,16,1,1,0,0,0,""
128,918,"((C2 x D16) : C2) : C2",11,23,8,16,1,1,0,0,0,""
128,919,"((C2 x Q16) : C2) : C2",3,12,8,16,1,1,0,0,0,""
128,919,"((C2 x Q16) : C2) : C2",11,23,8,16,1,1,0,0,0,""
128,920,"(C2 x Q32) : C2",3,12,8,16,1,1,0,0,0,""
128,920,"(C2 x Q32) : C2",11,23,8,16,1,1,0,0,0,""
128,921,"((C2 x Q16) : C2) : C2",3,12,8,16,1,1,0,0,0,""
128,921,"((C2 x Q16) : C2) : C2",11,23,8,16,1,1,0,0,0,""
128,922,"((C2 x D16) : C2) : C2",3,12,8,16,1,1,0,0,0,""
128,922,"((C2 x D16) : C2) : C2",11,19,8,16,1,1,0,0,0,""
128,923,"((C2 x Q16) : C2) : C2",3,12,8,16,1,1,0,0,0,""
128,923,"((C2 x Q16) : C2) : C2",11,19,8,16,1,1,0,0,0,""
128,924,"((C2 x D16) : C2) : C2",3,12,8,16,1,1,0,0,0,""
128,924,"((C2 x D16) : C2) : C2",11,20,8,16,1,1,0,0,0,""
128,925,"((C2 x D16) : C2) : C2",3,12,8,16,1,1,0,0,0,""
128,925,"((C2 x D16) : C2) : C2",11,20,8,16,1,1,0,0,0,""
128,926,"((C2 x Q16) : C2) : C2",3,12,8,16,1,1,0,0,0,""
128,926,"((C2 x Q16) : C2) : C2",11,20,8,16,1,1,0,0,0,""
128,927,"((C2 x Q16) : C2) : C2",3,12,8,16,1,1,0,0,0,""
128,927,"((C2 x Q16) : C2) : C2",11,20,8,16,1,1,0,0,0,""
128,928,"(((C2 x C2 x C2) : (C2 x C2)) : C2) : C2",2,11,8,16,4,8,3,3,0,"true;true;true"
128,929,"(((C4 x C4) : C2) : C2) : C2",2,11,8,16,4,8,3,3,0,"true;true;true"
128,930,"(((C2 x C2 x C2) : C4) : C2) : C2",2,11,8,16,4,8,3,3,0,"true;true;true"
128,931,"(((C2 x C2 x C2) : (C2 x C2)) : C2) : C2",2,11,8,16,4,8,3,3,0,"true;true;true"
128,931,"(((C2 x C2 x C2) : (C2 x C2)) : C2) : C2",3,13,8,16,1,1,0,0,0,""
128,931,"(((C2 x C2 x C2) : (C2 x C2)) : C2) : C2",4,14,8,16,1,1,0,0,0,""
128,931,"(((C2 x C2 x C2) : (C2 x C2)) : C2) : C2",12,17,8,16,1,1,0,0,0,""
128,932,"(((C2 x C2 x C2) : (C2 x C2)) : C2) : C2",2,11,8,16,4,8,3,3,0,"true;true;true"
128,932,"(((C2 x C2 x C2) : (C2 x C2)) : C2) : C2",3,13,8,16,1,1,0,0,0,""
128,932,"(((C2 x C2 x C2) : (C2 x C2)) : C2) : C2",4,14,8,16,1,1,0,0,0,""
128,932,"(((C2 x C2 x C2) : (C2 x C2)) : C2) : C2",12,17,8,16,1,1,0,0,0,""
128,933,"(((C2 x Q8) : C2) : C2) : C2",2,11,8,16,4,8,3,3,0,"true;true;true"
128,933,"(((C2 x Q8) : C2) : C2) : C2",3,13,8,16,1,1,0,0,0,""
128,933,"(((C2 x Q8) : C2) : C2) : C2",4,14,8,16,1,1,0,0,0,""
128,933,"(((C2 x Q8) : C2) : C2) : C2",12,17,8,16,1,1,0,0,0,""
128,934,"(((C2 x Q8) : C2) : C2) : C2",2,11,8,16,4,8,3,3,0,"true;true;true"
128,934,"(((C2 x Q8) : C2) : C2) : C2",3,13,8,16,1,1,0,0,0,""
128,934,"(((C2 x Q8) : C2) : C2) : C2",4,14,8,16,1,1,0,0,0,""
128,934,"(((C2 x Q8) : C2) : C2) : C2",12,17,8,16,1,1,0,0,0,""
128,935,"(((C4 x C4) : C2) : C2) : C2",2,11,8,16,4,8,3,3,0,"true;true;true"
128,935,"(((C4 x C4) : C2) : C2) : C2",3,13,8,16,1,1,0,0,0,""
128,935,"(((C4 x C4) : C2) : C2) : C2",4,14,8,16,1,1,0,0,0,""
128,935,"(((C4 x C4) : C2) : C2) : C2",12,17,8,16,1,1,0,0,0,""
128,936,"(((C2 x Q8) : C2) : C2) : C2",2,11,8,16,4,8,3,3,0,"true;true;true"
128,937,"(Q8 x Q8) : C2",2,11,8,16,4,8,3,3,0,"true;true;true"
128,938,"(C2 x D32) : C2",4,15,8,16,1,1,0,0,0,""
128,938,"(C2 x D32) : C2",11,23,8,16,1,1,0,0,0,""
128,939,"(C2 x QD32) : C2",4,15,8,16,1,1,0,0,0,""
128,939,"(C2 x QD32) : C2",11,23,8,16,1,1,0,0,0,""
128,940,"(Q16 : C4) : C2",4,15,8,16,1,1,0,0,0,""
128,940,"(Q16 : C4) : C2",11,23,8,16,1,1,0,0,0,""
128,941,"C4 : Q32",4,15,8,16,1,1,0,0,0,""
128,941,"C4 : Q32",11,23,8,16,1,1,0,0,0,""
128,942,"((C8 : C4) : C2) : C2",4,15,8,16,1,1,0,0,0,""
128,942,"((C8 : C4) : C2) : C2",11,23,8,16,1,1,0,0,0,""
128,943,"(C4 x Q16) : C2",4,15,8,16,1,1,0,0,0,""
128,943,"(C4 x Q16) : C2",11,23,8,16,1,1,0,0,0,""
128,944,"((C4 . D8 = C4 . (C4 x C2)) : C2) : C2",4,15,8,16,1,1,0,0,0,""
128,944,"((C4 . D8 = C4 . (C4 x C2)) : C2) : C2",11,21,8,16,1,1,0,0,0,""
128,945,"((C2 x D16) : C2) : C2",4,15,8,16,1,1,0,0,0,""
128,945,"((C2 x D16) : C2) : C2",11,21,8,16,1,1,0,0,0,""
128,946,"(C2 . ((C8 x C2) : C2) = C8 . (C4 x C2)) : C2",4,15,8,16,1,1,0,0,0,""
128,946,"(C2 . ((C8 x C2) : C2) = C8 . (C4 x C2)) : C2",11,21,8,16,1,1,0,0,0,""
128,956,"(C16 : C4) : C2",4,15,8,16,1,1,0,0,0,""
128,956,"(C16 : C4) : C2",11,23,8,16,1,1,0,0,0,""
128,957,"Q16 : Q8",4,15,8,16,1,1,0,0,0,""
128,957,"Q16 : Q8",11,23,8,16,1,1,0,0,0,""
128,958,"(C16 : C4) : C2",4,15,8,16,1,1,0,0,0,""
128,958,"(C16 : C4) : C2",11,23,8,16,1,1,0,0,0,""
128,959,"Q16 : Q8",4,15,8,16,1,1,0,0,0,""
128,959,"Q16 : Q8",11,23,8,16,1,1,0,0,0,""
128,960,"(C16 : C4) : C2",4,15,8,16,1,1,0,0,0,""
128,960,"(C16 : C4) : C2",11,23,8,16,1,1,0,0,0,""
128,961,"(C2 x C2) . (C2 x D16) = (C8 x C2) . (C2 x C2 x C2)",4,15,8,16,1,1,0,0,0,""
128,961,"(C2 x C2) . (C2 x D16) = (C8 x C2) . (C2 x C2 x C2)",11,23,8,16,1,1,0,0,0,""
128,962,"(C16 : C4) : C2",4,15,8,16,1,1,0,0,0,""
128,962,"(C16 : C4) : C2",11,20,8,16,1,1,0,0,0,""
128,963,"(C16 : C4) : C2",4,15,8,16,1,1,0,0,0,""
128,963,"(C16 : C4) : C2",11,20,8,16,1,1,0,0,0,""
128,964,"((C8 : C4) : C2) : C2",4,15,8,16,1,1,0,0,0,""
128,964,"((C8 : C4) : C2) : C2",11,23,8,16,1,1,0,0,0,""
128,965,"((C8 : C4) : C2) : C2",4,15,8,16,1,1,0,0,0,""
128,965,"((C8 : C4) : C2) : C2",11,23,8,16,1,1,0,0,0,""
128,966,"((C8 : C4) : C2) : C2",4,15,8,16,1,1,0,0,0,""
128,966,"((C8 : C4) : C2) : C2",11,23,8,16,1,1,0,0,0,""
128,967,"(Q16 : C4) : C2",4,15,8,16,1,1,0,0,0,""
128,967,"(Q16 : C4) : C2",11,23,8,16,1,1,0,0,0,""
128,968,"(Q16 : C4) : C2",4,15,8,16,1,1,0,0,0,""
128,968,"(Q16 : C4) : C2",11,23,8,16,1,1,0,0,0,""
128,969,"(Q16 : C4) : C2",4,15,8,16,1,1,0,0,0,""
128,969,"(Q16 : C4) : C2",11,23,8,16,1,1,0,0,0,""
128,970,"((C4 . D8 = C4 . (C4 x C2)) : C2) : C2",4,14,8,16,1,1,0,0,0,""
128,970,"((C4 . D8 = C4 . (C4 x C2)) : C2) : C2",11,19,8,16,1,1,0,0,0,""
128,971,"(C2 . ((C8 x C2) : C2) = C8 . (C4 x C2)) : C2",4,14,8,16,1,1,0,0,0,""
128,971,"(C2 . ((C8 x C2) : C2) = C8 . (C4 x C2)) : C2",11,19,8,16,1,1,0,0,0,""
128,1735,"(C2 x (C8 : (C2 x C2))) : C2",4,17,2,4,1,1,0,0,0,""
128,1735,"(C2 x (C8 : (C2 x C2))) : C2",15,29,2,4,1,1,0,0,0,""
128,1736,"(C2 x ((C2 x Q8) : C2)) : C2",4,17,2,4,1,1,0,0,0,""
128,1736,"(C2 x ((C2 x Q8) : C2)) : C2",15,29,2,4,1,1,0,0,0,""
128,1737,"(C2 x (C8 : (C2 x C2))) : C2",4,17,2,4,1,1,0,0,0,""
128,1737,"(C2 x (C8 : (C2 x C2))) : C2",15,29,2,4,1,1,0,0,0,""
128,1738,"(C2 x (C8 : (C2 x C2))) : C2",4,17,2,4,1,1,0,0,0,""
128,1738,"(C2 x (C8 : (C2 x C2))) : C2",15,29,2,4,1,1,0,0,0,""
128,1739,"(C2 x ((C2 x Q8) : C2)) : C2",4,17,2,4,1,1,0,0,0,""
128,1739,"(C2 x ((C2 x Q8) : C2)) : C2",15,29,2,4,1,1,0,0,0,""
128,1740,"(C2 x C2 x D16) : C2",9,23,4,8,2,2,0,0,0,""
128,1740,"(C2 x C2 x D16) : C2",22,31,4,8,2,2,0,0,0,""
128,1741,"(C2 x C2 x QD16) : C2",9,23,4,8,2,2,0,0,0,""
128,1741,"(C2 x C2 x QD16) : C2",22,31,4,8,2,2,0,0,0,""
128,1742,"(C2 x C2 x QD16) : C2",9,23,4,8,2,2,0,0,0,""
128,1742,"(C2 x C2 x QD16) : C2",22,31,4,8,2,2,0,0,0,""
128,1743,"(C2 x C2 x Q16) : C2",9,23,4,8,2,2,0,0,0,""
128,1743,"(C2 x C2 x Q16) : C2",22,31,4,8,2,2,0,0,0,""
128,1744,"(C2 x ((C8 x C2) : C2)) : C2",9,23,4,8,2,2,0,0,0,""
128,1744,"(C2 x ((C8 x C2) : C2)) : C2",22,31,4,8,2,2,0,0,0,""
128,1745,"(C2 x ((C8 x C2) : C2)) : C2",9,23,4,8,2,2,0,0,0,""
128,1745,"(C2 x ((C8 x C2) : C2)) : C2",22,31,4,8,2,2,0,0,0,""
128,1768,"(((C4 x C4) : C2) : C2) : C2",3,15,2,4,1,1,0,0,0,""
128,1768,"(((C4 x C4) : C2) : C2) : C2",13,27,2,4,1,1,0,0,0,""
128,1769,"((C2 x QD16) : C2) : C2",3,15,2,4,1,1,0,0,0,""
128,1769,"((C2 x QD16) : C2) : C2",13,27,2,4,1,1,0,0,0,""
128,1770,"(C2 x ((C4 x C4) : C2)) : C2",3,15,2,4,1,1,0,0,0,""
128,1770,"(C2 x ((C4 x C4) : C2)) : C2",13,27,2,4,1,1,0,0,0,""
128,1771,"(C2 x (C4 : Q8)) : C2",3,15,2,4,1,1,0,0,0,""
128,1771,"(C2 x (C4 : Q8)) : C2",13,27,2,4,1,1,0,0,0,""
128,1772,"(C2 x ((C4 x C4) : C2)) : C2",3,15,2,4,1,1,0,0,0,""
128,1772,"(C2 x ((C4 x C4) : C2)) : C2",13,27,2,4,1,1,0,0,0,""
128,1773,"(((C4 x C4) : C2) : C2) : C2",10,24,4,8,2,2,0,0,0,""
128,1773,"(((C4 x C4) : C2) : C2) : C2",23,31,4,8,2,2,0,0,0,""
128,1774,"((C4 : Q8) : C2) : C2",10,24,4,8,2,2,0,0,0,""
128,1774,"((C4 : Q8) : C2) : C2",23,31,4,8,2,2,0,0,0,""
128,1775,"((C2 x QD16) : C2) : C2",10,24,4,8,2,2,0,0,0,""
128,1775,"((C2 x QD16) : C2) : C2",23,31,4,8,2,2,0,0,0,""
128,1776,"(C4 : Q16) : C2",10,24,4,8,2,2,0,0,0,""
128,1776,"(C4 : Q16) : C2",23,31,4,8,2,2,0,0,0,""
128,1777,"(((C4 x C4) : C2) : C2) : C2",10,24,4,8,2,2,0,0,0,""
128,1777,"(((C4 x C4) : C2) : C2) : C2",23,31,4,8,2,2,0,0,0,""
128,1778,"((C4 : Q8) : C2) : C2",10,24,4,8,2,2,0,0,0,""
128,1778,"((C4 : Q8) : C2) : C2",23,31,4,8,2,2,0,0,0,""
128,1787,"(C2 x (C8 : (C2 x C2))) : C2",4,17,2,4,1,1,0,0,0,""
128,1787,"(C2 x (C8 : (C2 x C2))) : C2",16,29,2,4,1,1,0,0,0,""
128,1788,"(C2 x ((C2 x Q8) : C2)) : C2",4,17,2,4,1,1,0,0,0,""
128,1788,"(C2 x ((C2 x Q8) : C2)) : C2",16,29,2,4,1,1,0,0,0,""
128,1809,"((C4 : Q8) : C2) : C2",3,15,2,4,1,1,0,0,0,""
128,1809,"((C4 : Q8) : C2) : C2",13,27,2,4,1,1,0,0,0,""
128,1810,"(Q8 : Q8) : C2",3,15,2,4,1,1,0,0,0,""
128,1810,"(Q8 : Q8) : C2",13,27,2,4,1,1,0,0,0,""
128,1811,"(C2 x (C4 : Q8)) : C2",3,15,2,4,1,1,0,0,0,""
128,1811,"(C2 x (C4 : Q8)) : C2",13,27,2,4,1,1,0,0,0,""
128,1812,"(C2 x ((C2 x C2) . (C2 x C2 x C2))) : C2",3,15,2,4,1,1,0,0,0,""
128,1812,"(C2 x ((C2 x C2) . (C2 x C2 x C2))) : C2",13,27,2,4,1,1,0,0,0,""
128,1813,"((C4 : Q8) : C2) : C2",10,24,4,8,2,2,0,0,0,""
128,1813,"((C4 : Q8) : C2) : C2",23,31,4,8,2,2,0,0,0,""
128,1814,"(Q8 : Q8) : C2",10,24,4,8,2,2,0,0,0,""
128,1814,"(Q8 : Q8) : C2",23,31,4,8,2,2,0,0,0,""
128,1815,"((C4 : Q8) : C2) : C2",10,24,4,8,2,2,0,0,0,""
128,1815,"((C4 : Q8) : C2) : C2",23,31,4,8,2,2,0,0,0,""
128,1816,"((C4 : Q8) : C2) : C2",10,24,4,8,2,2,0,0,0,""
128,1816,"((C4 : Q8) : C2) : C2",23,31,4,8,2,2,0,0,0,""
128,1824,"(((C8 x C2) : C2) : C2) : C2",3,15,2,4,1,1,0,0,0,""
128,1824,"(((C8 x C2) : C2) : C2) : C2",13,27,2,4,1,1,0,0,0,""
128,1825,"(((C8 x C2) : C2) : C2) : C2",3,15,2,4,1,1,0,0,0,""
128,1825,"(((C8 x C2) : C2) : C2) : C2",13,27,2,4,1,1,0,0,0,""
128,1826,"(((C8 x C2) : C2) : C2) : C2",3,15,2,4,1,1,0,0,0,""
128,1826,"(((C8 x C2) : C2) : C2) : C2",13,27,2,4,1,1,0,0,0,""
128,1827,"((Q8 : C4) : C2) : C2",3,15,2,4,1,1,0,0,0,""
128,1827,"((Q8 : C4) : C2) : C2",13,27,2,4,1,1,0,0,0,""
128,1828,"(((C8 x C2) : C2) : C2) : C2",10,24,4,8,2,2,0,0,0,""
128,1828,"(((C8 x C2) : C2) : C2) : C2",23,31,4,8,2,2,0,0,0,""
128,1829,"((Q8 : C4) : C2) : C2",10,24,4,8,2,2,0,0,0,""
128,1829,"((Q8 : C4) : C2) : C2",23,31,4,8,2,2,0,0,0,""
128,1830,"(((C8 x C2) : C2) : C2) : C2",10,24,4,8,2,2,0,0,0,""
128,1830,"(((C8 x C2) : C2) : C2) : C2",23,31,4,8,2,2,0,0,0,""
128,1831,"((Q8 : C4) : C2) : C2",10,24,4,8,2,2,0,0,0,""
128,1831,"((Q8 : C4) : C2) : C2",23,31,4,8,2,2,0,0,0,""
128,1841,"(((C4 x C2 x C2) : C2) : C2) : C2",3,15,2,4,1,1,0,0,0,""
128,1841,"(((C4 x C2 x C2) : C2) : C2) : C2",27,32,2,4,1,1,0,0,0,""
128,1842,"((C4 x Q8) : C2) : C2",3,15,2,4,1,1,0,0,0,""
128,1842,"((C4 x Q8) : C2) : C2",27,32,2,4,1,1,0,0,0,""
128,1843,"(((C4 x C4) : C2) : C2) : C2",3,15,2,4,1,1,0,0,0,""
128,1843,"(((C4 x C4) : C2) : C2) : C2",27,32,2,4,1,1,0,0,0,""
128,1844,"(((C8 x C2) : C2) : C2) : C2",3,15,2,4,1,1,0,0,0,""
128,1844,"(((C8 x C2) : C2) : C2) : C2",27,32,2,4,1,1,0,0,0,""
128,1845,"(Q16 : C4) : C2",3,15,2,4,1,1,0,0,0,""
128,1845,"(Q16 : C4) : C2",27,32,2,4,1,1,0,0,0,""
128,1846,"(((C4 x C2 x C2) : C2) : C2) : C2",3,15,2,4,1,1,0,0,0,""
128,1846,"(((C4 x C2 x C2) : C2) : C2) : C2",27,32,2,4,1,1,0,0,0,""
128,1847,"(((C4 x C2 x C2) : C2) : C2) : C2",3,15,2,4,1,1,0,0,0,""
128,1847,"(((C4 x C2 x C2) : C2) : C2) : C2",27,32,2,4,1,1,0,0,0,""
128,1848,"(((C2 x C2) . (C2 x C2 x C2)) : C2) : C2",3,15,2,4,1,1,0,0,0,""
128,1848,"(((C2 x C2) . (C2 x C2 x C2)) : C2) : C2",27,32,2,4,1,1,0,0,0,""
128,1849,"((C4 x Q8) : C2) : C2",3,15,2,4,1,1,0,0,0,""
128,1849,"((C4 x Q8) : C2) : C2",27,32,2,4,1,1,0,0,0,""
128,1850,"(((C4 x C4) : C2) : C2) : C2",10,24,4,8,2,2,0,0,0,""
128,1850,"(((C4 x C4) : C2) : C2) : C2",23,31,4,8,2,2,0,0,0,""
128,1851,"(((C4 x C2 x C2) : C2) : C2) : C2",10,24,4,8,2,2,0,0,0,""
128,1851,"(((C4 x C2 x C2) : C2) : C2) : C2",23,31,4,8,2,2,0,0,0,""
128,1852,"(((C2 x C2) . (C2 x C2 x C2)) : C2) : C2",10,24,4,8,2,2,0,0,0,""
128,1852,"(((C2 x C2) . (C2 x C2 x C2)) : C2) : C2",23,31,4,8,2,2,0,0,0,""
128,1853,"(C4 x QD16) : C2",10,24,4,8,2,2,0,0,0,""
128,1853,"(C4 x QD16) : C2",23,31,4,8,2,2,0,0,0,""
128,1854,"(((C4 x C2 x C2) : C2) : C2) : C2",10,24,4,8,2,2,0,0,0,""
128,1854,"(((C4 x C2 x C2) : C2) : C2) : C2",23,31,4,8,2,2,0,0,0,""
128,1855,"((C4 x Q8) : C2) : C2",10,24,4,8,2,2,0,0,0,""
128,1855,"((C4 x Q8) : C2) : C2",23,31,4,8,2,2,0,0,0,""
128,1856,"(((C4 x C4) : C2) : C2) : C2",10,24,4,8,2,2,0,0,0,""
128,1856,"(((C4 x C4) : C2) : C2) : C2",23,31,4,8,2,2,0,0,0,""
128,1857,"(((C2 x Q8) : C2) : C2) : C2",10,24,4,8,2,2,0,0,0,""
128,1857,"(((C2 x Q8) : C2) : C2) : C2",23,31,4,8,2,2,0,0,0,""
128,1858,"(((C8 x C2) : C2) : C2) : C2",10,24,4,8,2,2,0,0,0,""
128,1858,"(((C8 x C2) : C2) : C2) : C2",23,31,4,8,2,2,0,0,0,""
128,1859,"(C4 x Q16) : C2",10,24,4,8,2,2,0,0,0,""
128,1859,"(C4 x Q16) : C2",23,31,4,8,2,2,0,0,0,""
128,1870,"(((C8 x C2) : C2) : C2) : C2",12,25,2,4,1,1,0,0,0,""
128,1870,"(((C8 x C2) : C2) : C2) : C2",24,32,2,4,1,1,0,0,0,""
128,1871,"((C2 x C2) . (C2 x D8) = (C4 x C2) . (C2 x C2 x C2)) : C2",12,25,2,4,1,1,0,0,0,""
128,1871,"((C2 x C2) . (C2 x D8) = (C4 x C2) . (C2 x C2 x C2)) : C2",24,32,2,4,1,1,0,0,0,""
128,1872,"((C8 : C4) : C2) : C2",12,25,2,4,1,1,0,0,0,""
128,1872,"((C8 : C4) : C2) : C2",24,32,2,4,1,1,0,0,0,""
128,1873,"(((C8 x C2) : C2) : C2) : C2",12,25,2,4,1,1,0,0,0,""
128,1873,"(((C8 x C2) : C2) : C2) : C2",24,32,2,4,1,1,0,0,0,""
128,1874,"(((C8 x C2) : C2) : C2) : C2",12,25,2,4,1,1,0,0,0,""
128,1874,"(((C8 x C2) : C2) : C2) : C2",24,32,2,4,1,1,0,0,0,""
128,1883,"(C2 x (C8 : (C2 x C2))) : C2",4,17,2,4,1,1,0,0,0,""
128,1883,"(C2 x (C8 : (C2 x C2))) : C2",16,29,2,4,1,1,0,0,0,""
128,1884,"(C2 x ((C2 x Q8) : C2)) : C2",4,17,2,4,1,1,0,0,0,""
128,1884,"(C2 x ((C2 x Q8) : C2)) : C2",16,29,2,4,1,1,0,0,0,""
128,1885,"(C2 x (C8 : (C2 x C2))) : C2",4,17,2,4,1,1,0,0,0,""
128,1885,"(C2 x (C8 : (C2 x C2))) : C2",16,29,2,4,1,1,0,0,0,""
128,1897,"(C8 : Q8) : C2",3,15,2,4,1,1,0,0,0,""
128,1897,"(C8 : Q8) : C2",14,28,2,4,1,1,0,0,0,""
128,1898,"((C2 x C2) . (C2 x D8) = (C4 x C2) . (C2 x C2 x C2)) : C2",3,15,2,4,1,1,0,0,0,""
128,1898,"((C2 x C2) . (C2 x D8) = (C4 x C2) . (C2 x C2 x C2)) : C2",14,28,2,4,1,1,0,0,0,""
128,1912,"(((C4 x C2 x C2) : C2) : C2) : C2",3,15,2,4,1,1,0,0,0,""
128,1912,"(((C4 x C2 x C2) : C2) : C2) : C2",14,28,2,4,1,1,0,0,0,""
128,1913,"((C4 x Q8) : C2) : C2",3,15,2,4,1,1,0,0,0,""
128,1913,"((C4 x Q8) : C2) : C2",14,28,2,4,1,1,0,0,0,""
128,1914,"(((C8 x C2) : C2) : C2) : C2",13,27,2,4,1,1,0,0,0,""
128,1914,"(((C8 x C2) : C2) : C2) : C2",26,32,2,4,1,1,0,0,0,""
128,1915,"(((C4 x C4) : C2) : C2) : C2",13,27,2,4,1,1,0,0,0,""
128,1915,"(((C4 x C4) : C2) : C2) : C2",26,32,2,4,1,1,0,0,0,""
128,1916,"(((C4 x C2 x C2) : C2) : C2) : C2",13,27,2,4,1,1,0,0,0,""
128,1916,"(((C4 x C2 x C2) : C2) : C2) : C2",26,32,2,4,1,1,0,0,0,""
128,1917,"(Q16 : C4) : C2",13,27,2,4,1,1,0,0,0,""
128,1917,"(Q16 : C4) : C2",26,32,2,4,1,1,0,0,0,""
128,1918,"(C2 x ((C4 x C2 x C2) : C2)) : C2",7,19,2,4,1,1,0,0,0,""
128,1918,"(C2 x ((C4 x C2 x C2) : C2)) : C2",14,28,2,4,1,1,0,0,0,""
128,1919,"(C2 x ((C2 x Q8) : C2)) : C2",7,19,2,4,1,1,0,0,0,""
128,1919,"(C2 x ((C2 x Q8) : C2)) : C2",14,28,2,4,1,1,0,0,0,""
128,1920,"(((C4 x C2 x C2) : C2) : C2) : C2",7,19,2,4,1,1,0,0,0,""
128,1920,"(((C4 x C2 x C2) : C2) : C2) : C2",14,28,2,4,1,1,0,0,0,""
128,1921,"((C2 x Q16) : C2) : C2",7,19,2,4,1,1,0,0,0,""
128,1921,"((C2 x Q16) : C2) : C2",14,28,2,4,1,1,0,0,0,""
128,1922,"((C2 x QD16) : C2) : C2",7,19,2,4,1,1,0,0,0,""
128,1922,"((C2 x QD16) : C2) : C2",14,28,2,4,1,1,0,0,0,""
128,1923,"(((C4 x C2 x C2) : C2) : C2) : C2",7,19,2,4,1,1,0,0,0,""
128,1923,"(((C4 x C2 x C2) : C2) : C2) : C2",14,28,2,4,1,1,0,0,0,""
128,1924,"(C2 x ((C4 x C2 x C2) : C2)) : C2",5,17,2,4,1,1,0,0,0,""
128,1924,"(C2 x ((C4 x C2 x C2) : C2)) : C2",7,18,2,4,1,1,0,0,0,""
128,1924,"(C2 x ((C4 x C2 x C2) : C2)) : C2",13,24,2,4,1,1,0,0,0,""
128,1925,"(C2 x ((C2 x Q8) : C2)) : C2",5,17,2,4,1,1,0,0,0,""
128,1925,"(C2 x ((C2 x Q8) : C2)) : C2",7,18,2,4,1,1,0,0,0,""
128,1925,"(C2 x ((C2 x Q8) : C2)) : C2",13,24,2,4,1,1,0,0,0,""
128,1926,"(((C4 x C2 x C2) : C2) : C2) : C2",5,17,2,4,1,1,0,0,0,""
128,1926,"(((C4 x C2 x C2) : C2) : C2) : C2",7,18,2,4,1,1,0,0,0,""
128,1926,"(((C4 x C2 x C2) : C2) : C2) : C2",13,24,2,4,1,1,0,0,0,""
128,1927,"((C2 x Q16) : C2) : C2",5,17,2,4,1,1,0,0,0,""
128,1927,"((C2 x Q16) : C2) : C2",7,18,2,4,1,1,0,0,0,""
128,1927,"((C2 x Q16) : C2) : C2",13,24,2,4,1,1,0,0,0,""
128,1928,"((C2 x QD16) : C2) : C2",5,17,2,4,1,1,0,0,0,""
128,1928,"((C2 x QD16) : C2) : C2",7,18,2,4,1,1,0,0,0,""
128,1928,"((C2 x QD16) : C2) : C2",13,24,2,4,1,1,0,0,0,""
128,1929,"(((C4 x C2 x C2) : C2) : C2) : C2",5,17,2,4,1,1,0,0,0,""
128,1929,"(((C4 x C2 x C2) : C2) : C2) : C2",7,18,2,4,1,1,0,0,0,""
128,1929,"(((C4 x C2 x C2) : C2) : C2) : C2",13,24,2,4,1,1,0,0,0,""
128,1930,"(((C4 x C2 x C2) : C2) : C2) : C2",7,17,2,4,1,1,0,0,0,""
128,1930,"(((C4 x C2 x C2) : C2) : C2) : C2",10,22,4,8,2,2,0,0,0,""
128,1930,"(((C4 x C2 x C2) : C2) : C2) : C2",19,26,4,8,2,2,0,0,0,""
128,1931,"(((C4 x C2 x C2) : C2) : C2) : C2",7,17,2,4,1,1,0,0,0,""
128,1931,"(((C4 x C2 x C2) : C2) : C2) : C2",10,22,4,8,2,2,0,0,0,""
128,1931,"(((C4 x C2 x C2) : C2) : C2) : C2",19,26,4,8,2,2,0,0,0,""
128,1932,"(((C2 x Q8) : C2) : C2) : C2",7,17,2,4,1,1,0,0,0,""
128,1932,"(((C2 x Q8) : C2) : C2) : C2",10,22,4,8,2,2,0,0,0,""
128,1932,"(((C2 x Q8) : C2) : C2) : C2",19,26,4,8,2,2,0,0,0,""
128,1933,"((C2 x QD16) : C2) : C2",7,17,2,4,1,1,0,0,0,""
128,1933,"((C2 x QD16) : C2) : C2",10,22,4,8,2,2,0,0,0,""
128,1933,"((C2 x QD16) : C2) : C2",19,26,4,8,2,2,0,0,0,""
128,1934,"((C2 x Q16) : C2) : C2",7,17,2,4,1,1,0,0,0,""
128,1934,"((C2 x Q16) : C2) : C2",10,22,4,8,2,2,0,0,0,""
128,1934,"((C2 x Q16) : C2) : C2",19,26,4,8,2,2,0,0,0,""
128,1935,"(((C4 x C2 x C2) : C2) : C2) : C2",7,17,2,4,1,1,0,0,0,""
128,1935,"(((C4 x C2 x C2) : C2) : C2) : C2",10,22,4,8,2,2,0,0,0,""
128,1935,"(((C4 x C2 x C2) : C2) : C2) : C2",19,26,4,8,2,2,0,0,0,""
128,1936,"(((C2 x Q8) : C2) : C2) : C2",7,17,2,4,1,1,0,0,0,""
128,1936,"(((C2 x Q8) : C2) : C2) : C2",10,22,4,8,2,2,0,0,0,""
128,1936,"(((C2 x Q8) : C2) : C2) : C2",19,26,4,8,2,2,0,0,0,""
128,1937,"(((C4 x C4) : C2) : C2) : C2",7,19,2,4,1,1,0,0,0,""
128,1937,"(((C4 x C4) : C2) : C2) : C2",14,28,2,4,1,1,0,0,0,""
128,1938,"((C2 x QD16) : C2) : C2",7,19,2,4,1,1,0,0,0,""
128,1938,"((C2 x QD16) : C2) : C2",14,28,2,4,1,1,0,0,0,""
128,1939,"(((C4 x C4) : C2) : C2) : C2",7,19,2,4,1,1,0,0,0,""
128,1939,"(((C4 x C4) : C2) : C2) : C2",14,28,2,4,1,1,0,0,0,""
128,1940,"((C4 : Q8) : C2) : C2",7,19,2,4,1,1,0,0,0,""
128,1940,"((C4 : Q8) : C2) : C2",14,28,2,4,1,1,0,0,0,""
128,1941,"(C4 : Q16) : C2",7,19,2,4,1,1,0,0,0,""
128,1941,"(C4 : Q16) : C2",14,28,2,4,1,1,0,0,0,""
128,1942,"((C4 : Q8) : C2) : C2",7,19,2,4,1,1,0,0,0,""
128,1942,"((C4 : Q8) : C2) : C2",14,28,2,4,1,1,0,0,0,""
128,1943,"(((C4 x C4) : C2) : C2) : C2",7,19,2,4,1,1,0,0,0,""
128,1943,"(((C4 x C4) : C2) : C2) : C2",14,28,2,4,1,1,0,0,0,""
128,1944,"(((C4 x C4) : C2) : C2) : C2",7,19,2,4,1,1,0,0,0,""
128,1944,"(((C4 x C4) : C2) : C2) : C2",14,28,2,4,1,1,0,0,0,""
128,1945,"(((C4 x C4) : C2) : C2) : C2",5,17,2,4,1,1,0,0,0,""
128,1945,"(((C4 x C4) : C2) : C2) : C2",7,18,2,4,1,1,0,0,0,""
128,1945,"(((C4 x C4) : C2) : C2) : C2",13,24,2,4,1,1,0,0,0,""
128,1946,"(((C4 x C4) : C2) : C2) : C2",5,17,2,4,1,1,0,0,0,""
128,1946,"(((C4 x C4) : C2) : C2) : C2",7,18,2,4,1,1,0,0,0,""
128,1946,"(((C4 x C4) : C2) : C2) : C2",13,24,2,4,1,1,0,0,0,""
128,1947,"((C4 : Q8) : C2) : C2",5,17,2,4,1,1,0,0,0,""
128,1947,"((C4 : Q8) : C2) : C2",7,18,2,4,1,1,0,0,0,""
128,1947,"((C4 : Q8) : C2) : C2",13,24,2,4,1,1,0,0,0,""
128,1948,"((C4 : Q8) : C2) : C2",5,17,2,4,1,1,0,0,0,""
128,1948,"((C4 : Q8) : C2) : C2",7,18,2,4,1,1,0,0,0,""
128,1948,"((C4 : Q8) : C2) : C2",13,24,2,4,1,1,0,0,0,""
128,1949,"(((C4 x C4) : C2) : C2) : C2",5,17,2,4,1,1,0,0,0,""
128,1949,"(((C4 x C4) : C2) : C2) : C2",7,18,2,4,1,1,0,0,0,""
128,1949,"(((C4 x C4) : C2) : C2) : C2",13,24,2,4,1,1,0,0,0,""
128,1950,"((C4 : Q8) : C2) : C2",5,17,2,4,1,1,0,0,0,""
128,1950,"((C4 : Q8) : C2) : C2",7,18,2,4,1,1,0,0,0,""
128,1950,"((C4 : Q8) : C2) : C2",13,24,2,4,1,1,0,0,0,""
128,1951,"(((C4 x C4) : C2) : C2) : C2",5,17,2,4,1,1,0,0,0,""
128,1951,"(((C4 x C4) : C2) : C2) : C2",7,18,2,4,1,1,0,0,0,""
128,1951,"(((C4 x C4) : C2) : C2) : C2",13,24,2,4,1,1,0,0,0,""
128,1952,"(((C4 x C4) : C2) : C2) : C2",7,17,2,4,1,1,0,0,0,""
128,1952,"(((C4 x C4) : C2) : C2) : C2",10,22,4,8,2,2,0,0,0,""
128,1952,"(((C4 x C4) : C2) : C2) : C2",19,26,4,8,2,2,0,0,0,""
128,1953,"(((C4 x C4) : C2) : C2) : C2",7,17,2,4,1,1,0,0,0,""
128,1953,"(((C4 x C4) : C2) : C2) : C2",10,22,4,8,2,2,0,0,0,""
128,1953,"(((C4 x C4) : C2) : C2) : C2",19,26,4,8,2,2,0,0,0,""
128,1954,"((C4 : Q8) : C2) : C2",7,17,2,4,1,1,0,0,0,""
128,1954,"((C4 : Q8) : C2) : C2",10,22,4,8,2,2,0,0,0,""
128,1954,"((C4 : Q8) : C2) : C2",19,26,4,8,2,2,0,0,0,""
128,1955,"((C4 : Q8) : C2) : C2",7,17,2,4,1,1,0,0,0,""
128,1955,"((C4 : Q8) : C2) : C2",10,22,4,8,2,2,0,0,0,""
128,1955,"((C4 : Q8) : C2) : C2",19,26,4,8,2,2,0,0,0,""
128,1956,"(((C4 x C4) : C2) : C2) : C2",7,17,2,4,1,1,0,0,0,""
128,1956,"(((C4 x C4) : C2) : C2) : C2",10,22,4,8,2,2,0,0,0,""
128,1956,"(((C4 x C4) : C2) : C2) : C2",19,26,4,8,2,2,0,0,0,""
128,1957,"(((C4 x C4) : C2) : C2) : C2",7,17,2,4,1,1,0,0,0,""
128,1957,"(((C4 x C4) : C2) : C2) : C2",10,22,4,8,2,2,0,0,0,""
128,1957,"(((C4 x C4) : C2) : C2) : C2",19,26,4,8,2,2,0,0,0,""
128,1958,"(((C8 x C2) : C2) : C2) : C2",7,19,2,4,1,1,0,0,0,""
128,1958,"(((C8 x C2) : C2) : C2) : C2",14,28,2,4,1,1,0,0,0,""
128,1959,"(((C8 x C2) : C2) : C2) : C2",7,19,2,4,1,1,0,0,0,""
128,1959,"(((C8 x C2) : C2) : C2) : C2",14,28,2,4,1,1,0,0,0,""
128,1960,"(((C8 x C2) : C2) : C2) : C2",7,19,2,4,1,1,0,0,0,""
128,1960,"(((C8 x C2) : C2) : C2) : C2",14,28,2,4,1,1,0,0,0,""
128,1961,"((C2 x C2) . (C2 x D8) = (C4 x C2) . (C2 x C2 x C2)) : C2",7,19,2,4,1,1,0,0,0,""
128,1961,"((C2 x C2) . (C2 x D8) = (C4 x C2) . (C2 x C2 x C2)) : C2",14,28,2,4,1,1,0,0,0,""
128,1962,"((C2 x C2) . (C2 x D8) = (C4 x C2) . (C2 x C2 x C2)) : C2",7,19,2,4,1,1,0,0,0,""
128,1962,"((C2 x C2) . (C2 x D8) = (C4 x C2) . (C2 x C2 x C2)) : C2",14,28,2,4,1,1,0,0,0,""
128,1963,"((C2 x C2) . (C2 x D8) = (C4 x C2) . (C2 x C2 x C2)) : C2",7,19,2,4,1,1,0,0,0,""
128,1963,"((C2 x C2) . (C2 x D8) = (C4 x C2) . (C2 x C2 x C2)) : C2",14,28,2,4,1,1,0,0,0,""
128,1964,"(((C2 x C2) . (C2 x C2 x C2)) : C2) : C2",7,19,2,4,1,1,0,0,0,""
128,1964,"(((C2 x C2) . (C2 x C2 x C2)) : C2) : C2",14,28,2,4,1,1,0,0,0,""
128,1965,"(((C2 x C2) . (C2 x C2 x C2)) : C2) : C2",7,19,2,4,1,1,0,0,0,""
128,1965,"(((C2 x C2) . (C2 x C2 x C2)) : C2) : C2",14,28,2,4,1,1,0,0,0,""
128,1966,"(((C8 x C2) : C2) : C2) : C2",5,17,2,4,1,1,0,0,0,""
128,1966,"(((C8 x C2) : C2) : C2) : C2",7,18,2,4,1,1,0,0,0,""
128,1966,"(((C8 x C2) : C2) : C2) : C2",13,24,2,4,1,1,0,0,0,""
128,1967,"(((C8 x C2) : C2) : C2) : C2",5,17,2,4,1,1,0,0,0,""
128,1967,"(((C8 x C2) : C2) : C2) : C2",7,18,2,4,1,1,0,0,0,""
128,1967,"(((C8 x C2) : C2) : C2) : C2",13,24,2,4,1,1,0,0,0,""
128,1968,"((C2 x C2) . (C2 x D8) = (C4 x C2) . (C2 x C2 x C2)) : C2",5,17,2,4,1,1,0,0,0,""
128,1968,"((C2 x C2) . (C2 x D8) = (C4 x C2) . (C2 x C2 x C2)) : C2",7,18,2,4,1,1,0,0,0,""
128,1968,"((C2 x C2) . (C2 x D8) = (C4 x C2) . (C2 x C2 x C2)) : C2",13,24,2,4,1,1,0,0,0,""
128,1969,"((C2 x C2) . (C2 x D8) = (C4 x C2) . (C2 x C2 x C2)) : C2",5,17,2,4,1,1,0,0,0,""
128,1969,"((C2 x C2) . (C2 x D8) = (C4 x C2) . (C2 x C2 x C2)) : C2",7,18,2,4,1,1,0,0,0,""
128,1969,"((C2 x C2) . (C2 x D8) = (C4 x C2) . (C2 x C2 x C2)) : C2",13,24,2,4,1,1,0,0,0,""
128,1970,"((C4 : Q8) : C2) : C2",5,17,2,4,1,1,0,0,0,""
128,1970,"((C4 : Q8) : C2) : C2",7,18,2,4,1,1,0,0,0,""
128,1970,"((C4 : Q8) : C2) : C2",13,24,2,4,1,1,0,0,0,""
128,1971,"((C4 : Q8) : C2) : C2",5,17,2,4,1,1,0,0,0,""
128,1971,"((C4 : Q8) : C2) : C2",7,18,2,4,1,1,0,0,0,""
128,1971,"((C4 : Q8) : C2) : C2",13,24,2,4,1,1,0,0,0,""
128,1972,"((C4 : Q8) : C2) : C2",5,17,2,4,1,1,0,0,0,""
128,1972,"((C4 : Q8) : C2) : C2",7,18,2,4,1,1,0,0,0,""
128,1972,"((C4 : Q8) : C2) : C2",13,24,2,4,1,1,0,0,0,""
128,1973,"(((C8 x C2) : C2) : C2) : C2",7,17,2,4,1,1,0,0,0,""
128,1973,"(((C8 x C2) : C2) : C2) : C2",10,22,4,8,2,2,0,0,0,""
128,1973,"(((C8 x C2) : C2) : C2) : C2",19,26,4,8,2,2,0,0,0,""
128,1974,"((C2 x C2) . (C2 x D8) = (C4 x C2) . (C2 x C2 x C2)) : C2",7,17,2,4,1,1,0,0,0,""
128,1974,"((C2 x C2) . (C2 x D8) = (C4 x C2) . (C2 x C2 x C2)) : C2",10,22,4,8,2,2,0,0,0,""
128,1974,"((C2 x C2) . (C2 x D8) = (C4 x C2) . (C2 x C2 x C2)) : C2",19,26,4,8,2,2,0,0,0,""
128,1975,"((C4 : Q8) : C2) : C2",7,17,2,4,1,1,0,0,0,""
128,1975,"((C4 : Q8) : C2) : C2",10,22,4,8,2,2,0,0,0,""
128,1975,"((C4 : Q8) : C2) : C2",19,26,4,8,2,2,0,0,0,""
128,1976,"((C4 : Q8) : C2) : C2",7,17,2,4,1,1,0,0,0,""
128,1976,"((C4 : Q8) : C2) : C2",10,22,4,8,2,2,0,0,0,""
128,1976,"((C4 : Q8) : C2) : C2",19,26,4,8,2,2,0,0,0,""
128,1977,"(((C4 x C2 x C2) : C2) : C2) : C2",7,19,2,4,1,1,0,0,0,""
128,1977,"(((C4 x C2 x C2) : C2) : C2) : C2",14,28,2,4,1,1,0,0,0,""
128,1978,"((C4 : Q8) : C2) : C2",7,19,2,4,1,1,0,0,0,""
128,1978,"((C4 : Q8) : C2) : C2",14,28,2,4,1,1,0,0,0,""
128,1979,"(((C4 x C2 x C2) : C2) : C2) : C2",7,19,2,4,1,1,0,0,0,""
128,1979,"(((C4 x C2 x C2) : C2) : C2) : C2",14,28,2,4,1,1,0,0,0,""
128,1980,"(((C2 x C2) . (C2 x C2 x C2)) : C2) : C2",7,19,2,4,1,1,0,0,0,""
128,1980,"(((C2 x C2) . (C2 x C2 x C2)) : C2) : C2",14,28,2,4,1,1,0,0,0,""
128,1981,"(C4 : Q16) : C2",7,19,2,4,1,1,0,0,0,""
128,1981,"(C4 : Q16) : C2",14,28,2,4,1,1,0,0,0,""
128,1982,"(((C4 x C2 x C2) : C2) : C2) : C2",7,19,2,4,1,1,0,0,0,""
128,1982,"(((C4 x C2 x C2) : C2) : C2) : C2",14,28,2,4,1,1,0,0,0,""
128,1983,"(((C4 x C2 x C2) : C2) : C2) : C2",5,17,2,4,1,1,0,0,0,""
128,1983,"(((C4 x C2 x C2) : C2) : C2) : C2",7,18,2,4,1,1,0,0,0,""
128,1983,"(((C4 x C2 x C2) : C2) : C2) : C2",13,24,2,4,1,1,0,0,0,""
128,1984,"((C4 : Q8) : C2) : C2",5,17,2,4,1,1,0,0,0,""
128,1984,"((C4 : Q8) : C2) : C2",7,18,2,4,1,1,0,0,0,""
128,1984,"((C4 : Q8) : C2) : C2",13,24,2,4,1,1,0,0,0,""
128,1985,"(((C4 x C2 x C2) : C2) : C2) : C2",5,17,2,4,1,1,0,0,0,""
128,1985,"(((C4 x C2 x C2) : C2) : C2) : C2",7,18,2,4,1,1,0,0,0,""
128,1985,"(((C4 x C2 x C2) : C2) : C2) : C2",13,24,2,4,1,1,0,0,0,""
128,1986,"(((C2 x C2) . (C2 x C2 x C2)) : C2) : C2",5,17,2,4,1,1,0,0,0,""
128,1986,"(((C2 x C2) . (C2 x C2 x C2)) : C2) : C2",7,18,2,4,1,1,0,0,0,""
128,1986,"(((C2 x C2) . (C2 x C2 x C2)) : C2) : C2",13,24,2,4,1,1,0,0,0,""
128,1987,"(C4 : Q16) : C2",5,17,2,4,1,1,0,0,0,""
128,1987,"(C4 : Q16) : C2",7,18,2,4,1,1,0,0,0,""
128,1987,"(C4 : Q16) : C2",13,24,2,4,1,1,0,0,0,""
128,1988,"(((C4 x C4) : C2) : C2) : C2",5,17,2,4,1,1,0,0,0,""
128,1988,"(((C4 x C4) : C2) : C2) : C2",7,18,2,4,1,1,0,0,0,""
128,1988,"(((C4 x C4) : C2) : C2) : C2",13,24,2,4,1,1,0,0,0,""
128,1989,"(((C4 x C2 x C2) : C2) : C2) : C2",7,17,2,4,1,1,0,0,0,""
128,1989,"(((C4 x C2 x C2) : C2) : C2) : C2",10,22,4,8,2,2,0,0,0,""
128,1989,"(((C4 x C2 x C2) : C2) : C2) : C2",19,26,4,8,2,2,0,0,0,""
128,1990,"((C4 : Q8) : C2) : C2",7,17,2,4,1,1,0,0,0,""
128,1990,"((C4 : Q8) : C2) : C2",10,22,4,8,2,2,0,0,0,""
128,1990,"((C4 : Q8) : C2) : C2",19,26,4,8,2,2,0,0,0,""
128,1991,"(((C4 x C2 x C2) : C2) : C2) : C2",7,17,2,4,1,1,0,0,0,""
128,1991,"(((C4 x C2 x C2) : C2) : C2) : C2",10,22,4,8,2,2,0,0,0,""
128,1991,"(((C4 x C2 x C2) : C2) : C2) : C2",19,26,4,8,2,2,0,0,0,""
128,1992,"(((C2 x C2) . (C2 x C2 x C2)) : C2) : C2",7,17,2,4,1,1,0,0,0,""
128,1992,"(((C2 x C2) . (C2 x C2 x C2)) : C2) : C2",10,22,4,8,2,2,0,0,0,""
128,1992,"(((C2 x C2) . (C2 x C2 x C2)) : C2) : C2",19,26,4,8,2,2,0,0,0,""
128,1993,"(C4 : Q16) : C2",7,17,2,4,1,1,0,0,0,""
128,1993,"(C4 : Q16) : C2",10,22,4,8,2,2,0,0,0,""
128,1993,"(C4 : Q16) : C2",19,26,4,8,2,2,0,0,0,""
128,1994,"(((C4 x C4) : C2) : C2) : C2",7,17,2,4,1,1,0,0,0,""
128,1994,"(((C4 x C4) : C2) : C2) : C2",10,22,4,8,2,2,0,0,0,""
128,1994,"(((C4 x C4) : C2) : C2) : C2",19,26,4,8,2,2,0,0,0,""
128,1995,"(((C2 x Q8) : C2) : C2) : C2",7,17,2,4,1,1,0,0,0,""
128,1995,"(((C2 x Q8) : C2) : C2) : C2",10,22,4,8,2,2,0,0,0,""
128,1995,"(((C2 x Q8) : C2) : C2) : C2",19,26,4,8,2,2,0,0,0,""
128,1996,"(C2 x (C8 : (C2 x C2))) : C2",4,17,2,4,1,1,0,0,0,""
128,1996,"(C2 x (C8 : (C2 x C2))) : C2",25,29,4,8,2,2,0,0,0,""
128,1997,"(C2 x (C8 : (C2 x C2))) : C2",4,17,2,4,1,1,0,0,0,""
128,1997,"(C2 x (C8 : (C2 x C2))) : C2",25,29,4,8,2,2,0,0,0,""
128,1998,"(C2 x ((C2 x Q8) : C2)) : C2",4,17,2,4,1,1,0,0,0,""
128,1998,"(C2 x ((C2 x Q8) : C2)) : C2",25,29,4,8,2,2,0,0,0,""
128,1999,"(C2 x (C8 : (C2 x C2))) : C2",4,17,2,4,1,1,0,0,0,""
128,1999,"(C2 x (C8 : (C2 x C2))) : C2",25,29,4,8,2,2,0,0,0,""
128,2000,"(C2 x (C8 : (C2 x C2))) : C2",4,17,2,4,1,1,0,0,0,""
128,2000,"(C2 x (C8 : (C2 x C2))) : C2",25,29,4,8,2,2,0,0,0,""
128,2001,"(C2 x ((C2 x Q8) : C2)) : C2",4,17,2,4,1,1,0,0,0,""
128,2001,"(C2 x ((C2 x Q8) : C2)) : C2",25,29,4,8,2,2,0,0,0,""
128,2002,"(C2 x ((C2 x Q8) : C2)) : C2",4,17,2,4,1,1,0,0,0,""
128,2002,"(C2 x ((C2 x Q8) : C2)) : C2",25,29,4,8,2,2,0,0,0,""
128,2003,"(C2 x ((C2 x Q8) : C2)) : C2",4,17,2,4,1,1,0,0,0,""
128,2003,"(C2 x ((C2 x Q8) : C2)) : C2",25,29,4,8,2,2,0,0,0,""
128,2004,"(C2 x (C8 : (C2 x C2))) : C2",20,27,4,8,2,2,0,0,0,""
128,2004,"(C2 x (C8 : (C2 x C2))) : C2",22,29,2,4,1,1,0,0,0,""
128,2005,"(C2 x (C8 : (C2 x C2))) : C2",20,27,4,8,2,2,0,0,0,""
128,2005,"(C2 x (C8 : (C2 x C2))) : C2",22,29,2,4,1,1,0,0,0,""
128,2006,"(C2 x (C8 : (C2 x C2))) : C2",20,27,4,8,2,2,0,0,0,""
128,2006,"(C2 x (C8 : (C2 x C2))) : C2",22,29,2,4,1,1,0,0,0,""
128,2007,"(C2 x ((C2 x Q8) : C2)) : C2",20,27,4,8,2,2,0,0,0,""
128,2007,"(C2 x ((C2 x Q8) : C2)) : C2",22,29,2,4,1,1,0,0,0,""
128,2008,"(C2 x ((C2 x Q8) : C2)) : C2",20,27,4,8,2,2,0,0,0,""
128,2008,"(C2 x ((C2 x Q8) : C2)) : C2",22,29,2,4,1,1,0,0,0,""
128,2009,"(C2 x ((C2 x Q8) : C2)) : C2",20,27,4,8,2,2,0,0,0,""
128,2009,"(C2 x ((C2 x Q8) : C2)) : C2",22,29,2,4,1,1,0,0,0,""
128,2010,"(C2 x ((C2 x Q8) : C2)) : C2",20,27,4,8,2,2,0,0,0,""
128,2010,"(C2 x ((C2 x Q8) : C2)) : C2",22,29,2,4,1,1,0,0,0,""
128,2038,"(((C4 x C2 x C2) : C2) : C2) : C2",5,18,2,4,1,1,0,0,0,""
128,2038,"(((C4 x C2 x C2) : C2) : C2) : C2",10,24,4,8,2,2,0,0,0,""
128,2039,"(((C4 x C2 x C2) : C2) : C2) : C2",5,18,2,4,1,1,0,0,0,""
128,2039,"(((C4 x C2 x C2) : C2) : C2) : C2",10,24,4,8,2,2,0,0,0,""
128,2040,"(((C4 x C2 x C2) : C2) : C2) : C2",5,18,2,4,1,1,0,0,0,""
128,2040,"(((C4 x C2 x C2) : C2) : C2) : C2",10,24,4,8,2,2,0,0,0,""
128,2041,"(((C4 x C2 x C2) : C2) : C2) : C2",5,18,2,4,1,1,0,0,0,""
128,2041,"(((C4 x C2 x C2) : C2) : C2) : C2",10,24,4,8,2,2,0,0,0,""
128,2042,"(((C2 x Q8) : C2) : C2) : C2",5,18,2,4,1,1,0,0,0,""
128,2042,"(((C2 x Q8) : C2) : C2) : C2",10,24,4,8,2,2,0,0,0,""
128,2043,"(((C2 x Q8) : C2) : C2) : C2",5,18,2,4,1,1,0,0,0,""
128,2043,"(((C2 x Q8) : C2) : C2) : C2",10,24,4,8,2,2,0,0,0,""
128,2044,"((Q8 : C4) : C2) : C2",5,18,2,4,1,1,0,0,0,""
128,2044,"((Q8 : C4) : C2) : C2",10,24,4,8,2,2,0,0,0,""
128,2045,"(((C2 x Q8) : C2) : C2) : C2",5,18,2,4,1,1,0,0,0,""
128,2045,"(((C2 x Q8) : C2) : C2) : C2",10,24,4,8,2,2,0,0,0,""
128,2046,"(((C2 x Q8) : C2) : C2) : C2",5,18,2,4,1,1,0,0,0,""
128,2046,"(((C2 x Q8) : C2) : C2) : C2",10,24,4,8,2,2,0,0,0,""
128,2047,"(((C2 x Q8) : C2) : C2) : C2",5,18,2,4,1,1,0,0,0,""
128,2047,"(((C2 x Q8) : C2) : C2) : C2",10,24,4,8,2,2,0,0,0,""
128,2048,"(((C2 x Q8) : C2) : C2) : C2",5,18,2,4,1,1,0,0,0,""
128,2048,"(((C2 x Q8) : C2) : C2) : C2",10,24,4,8,2,2,0,0,0,""
128,2049,"(((C2 x Q8) : C2) : C2) : C2",5,18,2,4,1,1,0,0,0,""
128,2049,"(((C2 x Q8) : C2) : C2) : C2",10,24,4,8,2,2,0,0,0,""
128,2050,"(((C4 x C2 x C2) : C2) : C2) : C2",5,18,2,4,1,1,0,0,0,""
128,2050,"(((C4 x C2 x C2) : C2) : C2) : C2",10,24,4,8,2,2,0,0,0,""
128,2051,"(((C4 x C2 x C2) : C2) : C2) : C2",5,18,2,4,1,1,0,0,0,""
128,2051,"(((C4 x C2 x C2) : C2) : C2) : C2",10,24,4,8,2,2,0,0,0,""
128,2052,"((Q8 : C4) : C2) : C2",5,18,2,4,1,1,0,0,0,""
128,2052,"((Q8 : C4) : C2) : C2",10,24,4,8,2,2,0,0,0,""
128,2053,"(((C4 x C2 x C2) : C2) : C2) : C2",5,18,2,4,1,1,0,0,0,""
128,2053,"(((C4 x C2 x C2) : C2) : C2) : C2",10,24,4,8,2,2,0,0,0,""
128,2054,"(((C4 x C2 x C2) : C2) : C2) : C2",20,27,4,8,2,2,0,0,0,""
128,2054,"(((C4 x C2 x C2) : C2) : C2) : C2",25,29,2,4,1,1,0,0,0,""
128,2055,"(((C2 x Q8) : C2) : C2) : C2",20,27,4,8,2,2,0,0,0,""
128,2055,"(((C2 x Q8) : C2) : C2) : C2",25,29,2,4,1,1,0,0,0,""
128,2056,"(((C2 x Q8) : C2) : C2) : C2",20,27,4,8,2,2,0,0,0,""
128,2056,"(((C2 x Q8) : C2) : C2) : C2",25,29,2,4,1,1,0,0,0,""
128,2057,"(((C4 x C2 x C2) : C2) : C2) : C2",20,27,4,8,2,2,0,0,0,""
128,2057,"(((C4 x C2 x C2) : C2) : C2) : C2",25,29,2,4,1,1,0,0,0,""
128,2058,"(((C4 x C2 x C2) : C2) : C2) : C2",20,27,4,8,2,2,0,0,0,""
128,2058,"(((C4 x C2 x C2) : C2) : C2) : C2",25,29,2,4,1,1,0,0,0,""
128,2059,"(((C2 x Q8) : C2) : C2) : C2",20,27,4,8,2,2,0,0,0,""
128,2059,"(((C2 x Q8) : C2) : C2) : C2",25,29,2,4,1,1,0,0,0,""
128,2060,"((Q8 : C4) : C2) : C2",20,27,4,8,2,2,0,0,0,""
128,2060,"((Q8 : C4) : C2) : C2",25,29,2,4,1,1,0,0,0,""
128,2061,"((Q8 : C4) : C2) : C2",20,27,4,8,2,2,0,0,0,""
128,2061,"((Q8 : C4) : C2) : C2",25,29,2,4,1,1,0,0,0,""
128,2062,"(((C4 x C2 x C2) : C2) : C2) : C2",20,27,4,8,2,2,0,0,0,""
128,2062,"(((C4 x C2 x C2) : C2) : C2) : C2",25,29,2,4,1,1,0,0,0,""
128,2063,"(((C2 x Q8) : C2) : C2) : C2",20,27,4,8,2,2,0,0,0,""
128,2063,"(((C2 x Q8) : C2) : C2) : C2",25,29,2,4,1,1,0,0,0,""
128,2064,"(((C4 x C2 x C2) : C2) : C2) : C2",20,27,4,8,2,2,0,0,0,""
128,2064,"(((C4 x C2 x C2) : C2) : C2) : C2",25,29,2,4,1,1,0,0,0,""
128,2065,"(((C2 x Q8) : C2) : C2) : C2",20,27,4,8,2,2,0,0,0,""
128,2065,"(((C2 x Q8) : C2) : C2) : C2",25,29,2,4,1,1,0,0,0,""
128,2075,"((C8 : C4) : C2) : C2",5,18,2,4,1,1,0,0,0,""
128,2075,"((C8 : C4) : C2) : C2",10,24,4,8,2,2,0,0,0,""
128,2076,"((C8 : C4) : C2) : C2",5,18,2,4,1,1,0,0,0,""
128,2076,"((C8 : C4) : C2) : C2",10,24,4,8,2,2,0,0,0,""
128,2077,"(((C4 x C2 x C2) : C2) : C2) : C2",5,18,2,4,1,1,0,0,0,""
128,2077,"(((C4 x C2 x C2) : C2) : C2) : C2",10,24,4,8,2,2,0,0,0,""
128,2078,"(((C2 x Q8) : C2) : C2) : C2",5,18,2,4,1,1,0,0,0,""
128,2078,"(((C2 x Q8) : C2) : C2) : C2",10,24,4,8,2,2,0,0,0,""
128,2079,"(((C4 x C2 x C2) : C2) : C2) : C2",5,18,2,4,1,1,0,0,0,""
128,2079,"(((C4 x C2 x C2) : C2) : C2) : C2",10,24,4,8,2,2,0,0,0,""
128,2080,"(((C2 x Q8) : C2) : C2) : C2",5,18,2,4,1,1,0,0,0,""
128,2080,"(((C2 x Q8) : C2) : C2) : C2",10,24,4,8,2,2,0,0,0,""
128,2081,"((C8 : C4) : C2) : C2",5,18,2,4,1,1,0,0,0,""
128,2081,"((C8 : C4) : C2) : C2",10,24,4,8,2,2,0,0,0,""
128,2082,"((C8 : C4) : C2) : C2",5,18,2,4,1,1,0,0,0,""
128,2082,"((C8 : C4) : C2) : C2",10,24,4,8,2,2,0,0,0,""
128,2083,"((C8 : C4) : C2) : C2",20,27,4,8,2,2,0,0,0,""
128,2083,"((C8 : C4) : C2) : C2",25,29,2,4,1,1,0,0,0,""
128,2084,"((C8 : C4) : C2) : C2",20,27,4,8,2,2,0,0,0,""
128,2084,"((C8 : C4) : C2) : C2",25,29,2,4,1,1,0,0,0,""
128,2085,"(((C2 x Q8) : C2) : C2) : C2",20,27,4,8,2,2,0,0,0,""
128,2085,"(((C2 x Q8) : C2) : C2) : C2",25,29,2,4,1,1,0,0,0,""
128,2086,"(((C4 x C2 x C2) : C2) : C2) : C2",20,27,4,8,2,2,0,0,0,""
128,2086,"(((C4 x C2 x C2) : C2) : C2) : C2",25,29,2,4,1,1,0,0,0,""
128,2087,"(((C4 x C2 x C2) : C2) : C2) : C2",20,27,4,8,2,2,0,0,0,""
128,2087,"(((C4 x C2 x C2) : C2) : C2) : C2",25,29,2,4,1,1,0,0,0,""
128,2088,"((C8 : C4) : C2) : C2",20,27,4,8,2,2,0,0,0,""
128,2088,"((C8 : C4) : C2) : C2",25,29,2,4,1,1,0,0,0,""
128,2089,"((C8 : C4) : C2) : C2",20,27,4,8,2,2,0,0,0,""
128,2089,"((C8 : C4) : C2) : C2",25,29,2,4,1,1,0,0,0,""
128,2098,"(((C4 x C4) : C2) : C2) : C2",5,18,2,4,1,1,0,0,0,""
128,2098,"(((C4 x C4) : C2) : C2) : C2",10,24,4,8,2,2,0,0,0,""
128,2099,"(((C4 x C4) : C2) : C2) : C2",5,18,2,4,1,1,0,0,0,""
128,2099,"(((C4 x C4) : C2) : C2) : C2",10,24,4,8,2,2,0,0,0,""
128,2100,"(((C8 x C2) : C2) : C2) : C2",5,18,2,4,1,1,0,0,0,""
128,2100,"(((C8 x C2) : C2) : C2) : C2",10,24,4,8,2,2,0,0,0,""
128,2101,"(Q8 x Q8) : C2",5,18,2,4,1,1,0,0,0,""
128,2101,"(Q8 x Q8) : C2",10,24,4,8,2,2,0,0,0,""
128,2102,"(((C4 x C4) : C2) : C2) : C2",5,18,2,4,1,1,0,0,0,""
128,2102,"(((C4 x C4) : C2) : C2) : C2",10,24,4,8,2,2,0,0,0,""
128,2103,"(C4 x QD16) : C2",5,18,2,4,1,1,0,0,0,""
128,2103,"(C4 x QD16) : C2",10,24,4,8,2,2,0,0,0,""
128,2104,"(Q8 : Q8) : C2",5,18,2,4,1,1,0,0,0,""
128,2104,"(Q8 : Q8) : C2",10,24,4,8,2,2,0,0,0,""
128,2105,"(((C4 x C4) : C2) : C2) : C2",5,18,2,4,1,1,0,0,0,""
128,2105,"(((C4 x C4) : C2) : C2) : C2",10,24,4,8,2,2,0,0,0,""
128,2106,"(C2 x C2) . (C2 x C2 x D8) = (C4 x C2) . (C2 x C2 x C2 x C2)",5,18,2,4,1,1,0,0,0,""
128,2106,"(C2 x C2) . (C2 x C2 x D8) = (C4 x C2) . (C2 x C2 x C2 x C2)",10,24,4,8,2,2,0,0,0,""
128,2107,"((Q8 : C4) : C2) : C2",5,18,2,4,1,1,0,0,0,""
128,2107,"((Q8 : C4) : C2) : C2",10,24,4,8,2,2,0,0,0,""
128,2108,"((C4 : Q8) : C2) : C2",5,18,2,4,1,1,0,0,0,""
128,2108,"((C4 : Q8) : C2) : C2",10,24,4,8,2,2,0,0,0,""
128,2109,"((C2 x C2) . (C2 x D8) = (C4 x C2) . (C2 x C2 x C2)) : C2",5,18,2,4,1,1,0,0,0,""
128,2109,"((C2 x C2) . (C2 x D8) = (C4 x C2) . (C2 x C2 x C2)) : C2",10,24,4,8,2,2,0,0,0,""
128,2116,"(Q8 x D8) : C2",5,18,2,4,1,1,0,0,0,""
128,2116,"(Q8 x D8) : C2",10,24,4,8,2,2,0,0,0,""
128,2117,"(Q8 x Q8) : C2",5,18,2,4,1,1,0,0,0,""
128,2117,"(Q8 x Q8) : C2",10,24,4,8,2,2,0,0,0,""
128,2118,"(Q8 : Q8) : C2",5,18,2,4,1,1,0,0,0,""
128,2118,"(Q8 : Q8) : C2",10,24,4,8,2,2,0,0,0,""
128,2119,"Q16 : Q8",5,18,2,4,1,1,0,0,0,""
128,2119,"Q16 : Q8",10,24,4,8,2,2,0,0,0,""
128,2120,"(Q8 : Q8) : C2",5,18,2,4,1,1,0,0,0,""
128,2120,"(Q8 : Q8) : C2",10,24,4,8,2,2,0,0,0,""
128,2121,"((C4 : Q8) : C2) : C2",5,18,2,4,1,1,0,0,0,""
128,2121,"((C4 : Q8) : C2) : C2",10,24,4,8,2,2,0,0,0,""
128,2122,"Q16 : Q8",5,18,2,4,1,1,0,0,0,""
128,2122,"Q16 : Q8",10,24,4,8,2,2,0,0,0,""
128,2129,"(((C4 x C4) : C2) : C2) : C2",5,18,2,4,1,1,0,0,0,""
128,2129,"(((C4 x C4) : C2) : C2) : C2",10,24,4,8,2,2,0,0,0,""
128,2130,"(Q8 : Q8) : C2",5,18,2,4,1,1,0,0,0,""
128,2130,"(Q8 : Q8) : C2",10,24,4,8,2,2,0,0,0,""
128,2131,"(((C4 x C4) : C2) : C2) : C2",5,18,2,4,1,1,0,0,0,""
128,2131,"(((C4 x C4) : C2) : C2) : C2",10,24,4,8,2,2,0,0,0,""
128,2132,"(Q8 : Q8) : C2",5,18,2,4,1,1,0,0,0,""
128,2132,"(Q8 : Q8) : C2",10,24,4,8,2,2,0,0,0,""
128,2133,"(((C4 x C4) : C2) : C2) : C2",5,18,2,4,1,1,0,0,0,""
128,2133,"(((C4 x C4) : C2) : C2) : C2",10,24,4,8,2,2,0,0,0,""
128,2134,"((C4 : Q8) : C2) : C2",5,18,2,4,1,1,0,0,0,""
128,2134,"((C4 : Q8) : C2) : C2",10,24,4,8,2,2,0,0,0,""
128,2135,"(((C4 x C4) : C2) : C2) : C2",5,18,2,4,1,1,0,0,0,""
128,2135,"(((C4 x C4) : C2) : C2) : C2",10,24,4,8,2,2,0,0,0,""
128,2216,"(C2 x ((C2 x C2 x C2 x C2) : C2)) : C2",4,19,2,4,1,1,0,0,0,""
128,2216,"(C2 x ((C2 x C2 x C2 x C2) : C2)) : C2",18,36,2,4,1,1,0,0,0,""
128,2217,"(C2 x ((C4 x C2 x C2) : C2)) : C2",4,19,2,4,1,1,0,0,0,""
128,2217,"(C2 x ((C4 x C2 x C2) : C2)) : C2",18,36,2,4,1,1,0,0,0,""
128,2218,"((C2 x ((C4 x C2) : C2)) : C2) : C2",4,19,2,4,1,1,0,0,0,""
128,2218,"((C2 x ((C4 x C2) : C2)) : C2) : C2",18,36,2,4,1,1,0,0,0,""
128,2219,"((C2 x ((C4 x C2) : C2)) : C2) : C2",4,19,2,4,1,1,0,0,0,""
128,2219,"((C2 x ((C4 x C2) : C2)) : C2) : C2",18,36,2,4,1,1,0,0,0,""
128,2220,"((C2 x ((C4 x C2) : C2)) : C2) : C2",4,19,2,4,1,1,0,0,0,""
128,2220,"((C2 x ((C4 x C2) : C2)) : C2) : C2",18,36,2,4,1,1,0,0,0,""
128,2221,"((C2 x ((C4 x C2) : C2)) : C2) : C2",4,19,2,4,1,1,0,0,0,""
128,2221,"((C2 x ((C4 x C2) : C2)) : C2) : C2",18,36,2,4,1,1,0,0,0,""
128,2222,"((C4 x D8) : C2) : C2",4,19,2,4,1,1,0,0,0,""
128,2222,"((C4 x D8) : C2) : C2",18,36,2,4,1,1,0,0,0,""
128,2223,"((C4 x D8) : C2) : C2",4,19,2,4,1,1,0,0,0,""
128,2223,"((C4 x D8) : C2) : C2",18,36,2,4,1,1,0,0,0,""
128,2224,"((C4 x D8) : C2) : C2",4,19,2,4,1,1,0,0,0,""
128,2224,"((C4 x D8) : C2) : C2",18,36,2,4,1,1,0,0,0,""
128,2225,"((C4 x D8) : C2) : C2",4,19,2,4,1,1,0,0,0,""
128,2225,"((C4 x D8) : C2) : C2",18,36,2,4,1,1,0,0,0,""
128,2226,"((C4 x D8) : C2) : C2",4,19,2,4,1,1,0,0,0,""
128,2226,"((C4 x D8) : C2) : C2",18,36,2,4,1,1,0,0,0,""
128,2227,"((C4 x Q8) : C2) : C2",4,19,2,4,1,1,0,0,0,""
128,2227,"((C4 x Q8) : C2) : C2",18,36,2,4,1,1,0,0,0,""
128,2228,"(C2 x ((C4 x C2 x C2) : C2)) : C2",4,19,2,4,1,1,0,0,0,""
128,2228,"(C2 x ((C4 x C2 x C2) : C2)) : C2",18,36,2,4,1,1,0,0,0,""
128,2229,"((C2 x ((C4 x C2) : C2)) : C2) : C2",4,19,2,4,1,1,0,0,0,""
128,2229,"((C2 x ((C4 x C2) : C2)) : C2) : C2",18,36,2,4,1,1,0,0,0,""
128,2230,"((C2 x ((C4 x C2) : C2)) : C2) : C2",4,19,2,4,1,1,0,0,0,""
128,2230,"((C2 x ((C4 x C2) : C2)) : C2) : C2",18,36,2,4,1,1,0,0,0,""
128,2231,"((C2 x ((C4 x C2) : C2)) : C2) : C2",4,19,2,4,1,1,0,0,0,""
128,2231,"((C2 x ((C4 x C2) : C2)) : C2) : C2",18,36,2,4,1,1,0,0,0,""
128,2232,"((C2 x ((C4 x C2) : C2)) : C2) : C2",4,19,2,4,1,1,0,0,0,""
128,2232,"((C2 x ((C4 x C2) : C2)) : C2) : C2",18,36,2,4,1,1,0,0,0,""
128,2233,"(C2 x ((C2 x Q8) : C2)) : C2",4,19,2,4,1,1,0,0,0,""
128,2233,"(C2 x ((C2 x Q8) : C2)) : C2",18,36,2,4,1,1,0,0,0,""
128,2234,"(Q8 : Q8) : C2",4,19,2,4,1,1,0,0,0,""
128,2234,"(Q8 : Q8) : C2",18,36,2,4,1,1,0,0,0,""
128,2235,"((C4 : Q8) : C2) : C2",4,19,2,4,1,1,0,0,0,""
128,2235,"((C4 : Q8) : C2) : C2",18,36,2,4,1,1,0,0,0,""
128,2236,"(((C2 x C2) . (C2 x C2 x C2)) : C2) : C2",4,19,2,4,1,1,0,0,0,""
128,2236,"(((C2 x C2) . (C2 x C2 x C2)) : C2) : C2",18,36,2,4,1,1,0,0,0,""
128,2237,"((C4 x D8) : C2) : C2",4,19,2,4,1,1,0,0,0,""
128,2237,"((C4 x D8) : C2) : C2",18,36,2,4,1,1,0,0,0,""
128,2238,"((C4 x D8) : C2) : C2",4,19,2,4,1,1,0,0,0,""
128,2238,"((C4 x D8) : C2) : C2",18,36,2,4,1,1,0,0,0,""
128,2239,"((C4 x D8) : C2) : C2",4,19,2,4,1,1,0,0,0,""
128,2239,"((C4 x D8) : C2) : C2",18,36,2,4,1,1,0,0,0,""
128,2240,"((C4 x D8) : C2) : C2",4,19,2,4,1,1,0,0,0,""
128,2240,"((C4 x D8) : C2) : C2",18,36,2,4,1,1,0,0,0,""
128,2241,"((C4 x Q8) : C2) : C2",4,19,2,4,1,1,0,0,0,""
128,2241,"((C4 x Q8) : C2) : C2",18,36,2,4,1,1,0,0,0,""
128,2242,"((C4 x D8) : C2) : C2",4,19,2,4,1,1,0,0,0,""
128,2242,"((C4 x D8) : C2) : C2",18,36,2,4,1,1,0,0,0,""
128,2243,"((C4 x D8) : C2) : C2",4,19,2,4,1,1,0,0,0,""
128,2243,"((C4 x D8) : C2) : C2",18,36,2,4,1,1,0,0,0,""
128,2244,"((C4 x D8) : C2) : C2",4,19,2,4,1,1,0,0,0,""
128,2244,"((C4 x D8) : C2) : C2",18,36,2,4,1,1,0,0,0,""
128,2245,"((C4 x D8) : C2) : C2",4,19,2,4,1,1,0,0,0,""
128,2245,"((C4 x D8) : C2) : C2",18,36,2,4,1,1,0,0,0,""
128,2246,"((C4 x D8) : C2) : C2",4,19,2,4,1,1,0,0,0,""
128,2246,"((C4 x D8) : C2) : C2",18,36,2,4,1,1,0,0,0,""
128,2247,"((C4 x D8) : C2) : C2",4,19,2,4,1,1,0,0,0,""
128,2247,"((C4 x D8) : C2) : C2",18,36,2,4,1,1,0,0,0,""
128,2248,"((C4 x D8) : C2) : C2",4,19,2,4,1,1,0,0,0,""
128,2248,"((C4 x D8) : C2) : C2",18,36,2,4,1,1,0,0,0,""
128,2249,"((C4 x D8) : C2) : C2",4,19,2,4,1,1,0,0,0,""
128,2249,"((C4 x D8) : C2) : C2",18,36,2,4,1,1,0,0,0,""
128,2250,"((C4 x Q8) : C2) : C2",4,19,2,4,1,1,0,0,0,""
128,2250,"((C4 x Q8) : C2) : C2",18,36,2,4,1,1,0,0,0,""
128,2251,"((C4 x D8) : C2) : C2",4,19,2,4,1,1,0,0,0,""
128,2251,"((C4 x D8) : C2) : C2",18,36,2,4,1,1,0,0,0,""
128,2252,"((C4 x D8) : C2) : C2",4,19,2,4,1,1,0,0,0,""
128,2252,"((C4 x D8) : C2) : C2",18,36,2,4,1,1,0,0,0,""
128,2253,"((C4 x D8) : C2) : C2",4,19,2,4,1,1,0,0,0,""
128,2253,"((C4 x D8) : C2) : C2",18,36,2,4,1,1,0,0,0,""
128,2254,"((C4 x D8) : C2) : C2",4,19,2,4,1,1,0,0,0,""
128,2254,"((C4 x D8) : C2) : C2",18,36,2,4,1,1,0,0,0,""
128,2255,"((C4 x Q8) : C2) : C2",4,19,2,4,1,1,0,0,0,""
128,2255,"((C4 x Q8) : C2) : C2",18,36,2,4,1,1,0,0,0,""
128,2256,"((C4 x D8) : C2) : C2",4,19,2,4,1,1,0,0,0,""
128,2256,"((C4 x D8) : C2) : C2",18,36,2,4,1,1,0,0,0,""
128,2264,"(D8 x D8) : C2",4,18,2,4,1,1,0,0,0,""
128,2264,"(D8 x D8) : C2",6,20,2,4,1,1,0,0,0,""
128,2264,"(D8 x D8) : C2",16,32,2,4,1,1,0,0,0,""
128,2265,"((C2 x C2 x D8) : C2) : C2",4,18,2,4,1,1,0,0,0,""
128,2265,"((C2 x C2 x D8) : C2) : C2",6,20,2,4,1,1,0,0,0,""
128,2265,"((C2 x C2 x D8) : C2) : C2",16,32,2,4,1,1,0,0,0,""
128,2266,"(D8 x D8) : C2",4,18,2,4,1,1,0,0,0,""
128,2266,"(D8 x D8) : C2",6,20,2,4,1,1,0,0,0,""
128,2266,"(D8 x D8) : C2",16,32,2,4,1,1,0,0,0,""
128,2267,"((C2 x ((C4 x C2) : C2)) : C2) : C2",4,18,2,4,1,1,0,0,0,""
128,2267,"((C2 x ((C4 x C2) : C2)) : C2) : C2",6,20,2,4,1,1,0,0,0,""
128,2267,"((C2 x ((C4 x C2) : C2)) : C2) : C2",16,32,2,4,1,1,0,0,0,""
128,2268,"((C2 x ((C4 x C2) : C2)) : C2) : C2",4,18,2,4,1,1,0,0,0,""
128,2268,"((C2 x ((C4 x C2) : C2)) : C2) : C2",6,20,2,4,1,1,0,0,0,""
128,2268,"((C2 x ((C4 x C2) : C2)) : C2) : C2",16,32,2,4,1,1,0,0,0,""
128,2269,"(D8 x D8) : C2",4,18,2,4,1,1,0,0,0,""
128,2269,"(D8 x D8) : C2",6,20,2,4,1,1,0,0,0,""
128,2269,"(D8 x D8) : C2",16,32,2,4,1,1,0,0,0,""
128,2270,"(Q8 x D8) : C2",4,18,2,4,1,1,0,0,0,""
128,2270,"(Q8 x D8) : C2",6,20,2,4,1,1,0,0,0,""
128,2270,"(Q8 x D8) : C2",16,32,2,4,1,1,0,0,0,""
128,2271,"((C2 x ((C4 x C2) : C2)) : C2) : C2",4,18,2,4,1,1,0,0,0,""
128,2271,"((C2 x ((C4 x C2) : C2)) : C2) : C2",6,20,2,4,1,1,0,0,0,""
128,2271,"((C2 x ((C4 x C2) : C2)) : C2) : C2",16,32,2,4,1,1,0,0,0,""
128,2272,"((C2 x C2 x D8) : C2) : C2",4,18,2,4,1,1,0,0,0,""
128,2272,"((C2 x C2 x D8) : C2) : C2",6,20,2,4,1,1,0,0,0,""
128,2272,"((C2 x C2 x D8) : C2) : C2",16,32,2,4,1,1,0,0,0,""
128,2273,"((C2 x ((C4 x C2) : C2)) : C2) : C2",4,18,2,4,1,1,0,0,0,""
128,2273,"((C2 x ((C4 x C2) : C2)) : C2) : C2",6,20,2,4,1,1,0,0,0,""
128,2273,"((C2 x ((C4 x C2) : C2)) : C2) : C2",16,32,2,4,1,1,0,0,0,""
128,2274,"((C2 x ((C4 x C2) : C2)) : C2) : C2",4,18,2,4,1,1,0,0,0,""
128,2274,"((C2 x ((C4 x C2) : C2)) : C2) : C2",6,20,2,4,1,1,0,0,0,""
128,2274,"((C2 x ((C4 x C2) : C2)) : C2) : C2",16,32,2,4,1,1,0,0,0,""
128,2275,"(D8 x D8) : C2",4,18,2,4,1,1,0,0,0,""
128,2275,"(D8 x D8) : C2",6,20,2,4,1,1,0,0,0,""
128,2275,"(D8 x D8) : C2",16,32,2,4,1,1,0,0,0,""
128,2276,"((C2 x ((C4 x C2) : C2)) : C2) : C2",4,18,2,4,1,1,0,0,0,""
128,2276,"((C2 x ((C4 x C2) : C2)) : C2) : C2",6,20,2,4,1,1,0,0,0,""
128,2276,"((C2 x ((C4 x C2) : C2)) : C2) : C2",16,32,2,4,1,1,0,0,0,""
128,2277,"((C2 x C2 x D8) : C2) : C2",4,18,2,4,1,1,0,0,0,""
128,2277,"((C2 x C2 x D8) : C2) : C2",6,20,2,4,1,1,0,0,0,""
128,2277,"((C2 x C2 x D8) : C2) : C2",16,32,2,4,1,1,0,0,0,""
128,2278,"((C2 x ((C4 x C2) : C2)) : C2) : C2",4,18,2,4,1,1,0,0,0,""
128,2278,"((C2 x ((C4 x C2) : C2)) : C2) : C2",6,20,2,4,1,1,0,0,0,""
128,2278,"((C2 x ((C4 x C2) : C2)) : C2) : C2",16,32,2,4,1,1,0,0,0,""
128,2279,"((C2 x ((C4 x C2) : C2)) : C2) : C2",4,18,2,4,1,1,0,0,0,""
128,2279,"((C2 x ((C4 x C2) : C2)) : C2) : C2",6,20,2,4,1,1,0,0,0,""
128,2279,"((C2 x ((C4 x C2) : C2)) : C2) : C2",16,32,2,4,1,1,0,0,0,""
128,2280,"((C2 x ((C4 x C2) : C2)) : C2) : C2",4,18,2,4,1,1,0,0,0,""
128,2280,"((C2 x ((C4 x C2) : C2)) : C2) : C2",6,20,2,4,1,1,0,0,0,""
128,2280,"((C2 x ((C4 x C2) : C2)) : C2) : C2",16,32,2,4,1,1,0,0,0,""
128,2281,"(D8 x D8) : C2",4,18,2,4,1,1,0,0,0,""
128,2281,"(D8 x D8) : C2",6,20,2,4,1,1,0,0,0,""
128,2281,"(D8 x D8) : C2",16,32,2,4,1,1,0,0,0,""
128,2282,"(Q8 x D8) : C2",4,18,2,4,1,1,0,0,0,""
128,2282,"(Q8 x D8) : C2",6,20,2,4,1,1,0,0,0,""
128,2282,"(Q8 x D8) : C2",16,32,2,4,1,1,0,0,0,""
128,2283,"((C2 x ((C4 x C2) : C2)) : C2) : C2",4,18,2,4,1,1,0,0,0,""
128,2283,"((C2 x ((C4 x C2) : C2)) : C2) : C2",6,20,2,4,1,1,0,0,0,""
128,2283,"((C2 x ((C4 x C2) : C2)) : C2) : C2",16,32,2,4,1,1,0,0,0,""
128,2284,"((C4 x D8) : C2) : C2",4,18,2,4,1,1,0,0,0,""
128,2284,"((C4 x D8) : C2) : C2",6,20,2,4,1,1,0,0,0,""
128,2284,"((C4 x D8) : C2) : C2",16,32,2,4,1,1,0,0,0,""
128,2285,"((C4 x D8) : C2) : C2",4,18,2,4,1,1,0,0,0,""
128,2285,"((C4 x D8) : C2) : C2",6,20,2,4,1,1,0,0,0,""
128,2285,"((C4 x D8) : C2) : C2",16,32,2,4,1,1,0,0,0,""
128,2286,"((C4 x D8) : C2) : C2",4,18,2,4,1,1,0,0,0,""
128,2286,"((C4 x D8) : C2) : C2",6,20,2,4,1,1,0,0,0,""
128,2286,"((C4 x D8) : C2) : C2",16,32,2,4,1,1,0,0,0,""
128,2287,"((C4 x Q8) : C2) : C2",4,18,2,4,1,1,0,0,0,""
128,2287,"((C4 x Q8) : C2) : C2",6,20,2,4,1,1,0,0,0,""
128,2287,"((C4 x Q8) : C2) : C2",16,32,2,4,1,1,0,0,0,""
128,2288,"(Q8 : Q8) : C2",4,18,2,4,1,1,0,0,0,""
128,2288,"(Q8 : Q8) : C2",6,20,2,4,1,1,0,0,0,""
128,2288,"(Q8 : Q8) : C2",16,32,2,4,1,1,0,0,0,""
128,2289,"((C4 x D8) : C2) : C2",4,18,2,4,1,1,0,0,0,""
128,2289,"((C4 x D8) : C2) : C2",6,20,2,4,1,1,0,0,0,""
128,2289,"((C4 x D8) : C2) : C2",16,32,2,4,1,1,0,0,0,""
128,2290,"((C2 x C2 x D8) : C2) : C2",4,18,2,4,1,1,0,0,0,""
128,2290,"((C2 x C2 x D8) : C2) : C2",6,20,2,4,1,1,0,0,0,""
128,2290,"((C2 x C2 x D8) : C2) : C2",16,32,2,4,1,1,0,0,0,""
128,2291,"((C2 x ((C4 x C2) : C2)) : C2) : C2",4,18,2,4,1,1,0,0,0,""
128,2291,"((C2 x ((C4 x C2) : C2)) : C2) : C2",6,20,2,4,1,1,0,0,0,""
128,2291,"((C2 x ((C4 x C2) : C2)) : C2) : C2",16,32,2,4,1,1,0,0,0,""
128,2292,"((C2 x C2 x D8) : C2) : C2",4,18,2,4,1,1,0,0,0,""
128,2292,"((C2 x C2 x D8) : C2) : C2",6,20,2,4,1,1,0,0,0,""
128,2292,"((C2 x C2 x D8) : C2) : C2",16,32,2,4,1,1,0,0,0,""
128,2293,"((C2 x ((C4 x C2) : C2)) : C2) : C2",4,18,2,4,1,1,0,0,0,""
128,2293,"((C2 x ((C4 x C2) : C2)) : C2) : C2",6,20,2,4,1,1,0,0,0,""
128,2293,"((C2 x ((C4 x C2) : C2)) : C2) : C2",16,32,2,4,1,1,0,0,0,""
128,2294,"((C2 x ((C4 x C2) : C2)) : C2) : C2",4,18,2,4,1,1,0,0,0,""
128,2294,"((C2 x ((C4 x C2) : C2)) : C2) : C2",6,20,2,4,1,1,0,0,0,""
128,2294,"((C2 x ((C4 x C2) : C2)) : C2) : C2",16,32,2,4,1,1,0,0,0,""
128,2295,"(((C4 x C4) : C2) : C2) : C2",4,18,2,4,1,1,0,0,0,""
128,2295,"(((C4 x C4) : C2) : C2) : C2",6,20,2,4,1,1,0,0,0,""
128,2295,"(((C4 x C4) : C2) : C2) : C2",16,32,2,4,1,1,0,0,0,""
128,2296,"((C2 x ((C4 x C2) : C2)) : C2) : C2",4,18,2,4,1,1,0,0,0,""
128,2296,"((C2 x ((C4 x C2) : C2)) : C2) : C2",6,20,2,4,1,1,0,0,0,""
128,2296,"((C2 x ((C4 x C2) : C2)) : C2) : C2",16,32,2,4,1,1,0,0,0,""
128,2297,"(((C4 x C4) : C2) : C2) : C2",4,18,2,4,1,1,0,0,0,""
128,2297,"(((C4 x C4) : C2) : C2) : C2",6,20,2,4,1,1,0,0,0,""
128,2297,"(((C4 x C4) : C2) : C2) : C2",16,32,2,4,1,1,0,0,0,""
128,2298,"((C4 x D8) : C2) : C2",4,18,2,4,1,1,0,0,0,""
128,2298,"((C4 x D8) : C2) : C2",6,20,2,4,1,1,0,0,0,""
128,2298,"((C4 x D8) : C2) : C2",16,32,2,4,1,1,0,0,0,""
128,2299,"((C4 x D8) : C2) : C2",4,18,2,4,1,1,0,0,0,""
128,2299,"((C4 x D8) : C2) : C2",6,20,2,4,1,1,0,0,0,""
128,2299,"((C4 x D8) : C2) : C2",16,32,2,4,1,1,0,0,0,""
128,2300,"((C4 x D8) : C2) : C2",4,18,2,4,1,1,0,0,0,""
128,2300,"((C4 x D8) : C2) : C2",6,20,2,4,1,1,0,0,0,""
128,2300,"((C4 x D8) : C2) : C2",16,32,2,4,1,1,0,0,0,""
129,1,"C43 : C3",2,4,43,86,1,1,0,0,0,""
132,3,"C3 : (C11 : C4)",2,6,33,66,1,1,0,0,0,""
132,9,"D132",2,6,33,66,1,1,0,0,0,""
136,4,"C17 : Q8",2,6,34,68,1,1,0,0,0,""
136,6,"D136",2,6,34,68,1,1,0,0,0,""
136,8,"C17 : D8",2,6,34,68,1,1,0,0,0,""
136,12,"C17 : C8",5,10,8,16,15,6435,0,0,0,""
140,3,"C5 : (C7 : C4)",2,6,35,70,1,1,0,0,0,""
140,6,"C5 : (C7 : C4)",2,6,35,70,1,1,0,0,0,""
140,10,"D140",2,6,35,70,1,1,0,0,0,""
144,4,"C9 : Q16",2,8,36,72,1,1,0,0,0,""
144,7,"C9 : QD16",2,8,36,72,1,1,0,0,0,""
144,8,"D144",2,8,36,72,1,1,0,0,0,""
144,15,"C9 : QD16",8,16,18,36,2,2,0,0,0,""
144,16,"C9 : D16",8,16,18,36,2,2,0,0,0,""
144,17,"C9 : Q16",8,16,18,36,2,2,0,0,0,""
144,18,"C9 : QD16",8,16,18,36,2,2,0,0,0,""
144,31,"C2 . (((C2 x C2) : C9) : C2) = (Q8 : C9) . C2",7,12,18,36,1,1,0,0,0,""
144,32,"(Q8 : C9) : C2",7,12,18,36,1,1,0,0,0,""
144,41,"D8 x D18",2,10,9,18,1,1,0,0,0,""
144,42,"C9 : ((C4 x C2) : C2)",8,19,9,18,1,1,0,0,0,""
144,43,"Q8 x D18",2,10,9,18,1,1,0,0,0,""
144,44,"C9 : ((C4 x C2) : C2)",8,19,9,18,1,1,0,0,0,""
144,56,"(C3 x C3) : D16",8,16,18,36,2,2,0,0,0,""
144,56,"(C3 x C3) : D16",9,17,12,24,1,1,0,0,0,""
144,56,"(C3 x C3) : D16",10,18,12,24,1,1,0,0,0,""
144,56,"(C3 x C3) : D16",19,21,4,8,1,1,0,0,0,""
144,57,"(C3 x C3) : D16",9,17,12,24,1,1,0,0,0,""
144,58,"(C3 x C3) : QD16",8,16,18,36,2,2,0,0,0,""
144,58,"(C3 x C3) : QD16",9,17,12,24,1,1,0,0,0,""
144,58,"(C3 x C3) : QD16",10,18,12,24,1,1,0,0,0,""
144,58,"(C3 x C3) : QD16",19,21,4,8,1,1,0,0,0,""
144,59,"(C3 x C3) : QD16",9,17,12,24,1,1,0,0,0,""
144,60,"(C3 x C3) : QD16",9,17,12,24,1,1,0,0,0,""
144,61,"(C3 x C3) : Q16",8,16,18,36,2,2,0,0,0,""
144,61,"(C3 x C3) : Q16",9,17,12,24,1,1,0,0,0,""
144,61,"(C3 x C3) : Q16",10,18,12,24,1,1,0,0,0,""
144,61,"(C3 x C3) : Q16",19,21,4,8,1,1,0,0,0,""
144,62,"(C3 x C3) : Q16",9,17,12,24,1,1,0,0,0,""
144,87,"(C3 x C3) : QD16",2,8,36,72,1,1,0,0,0,""
144,88,"(C3 x C3) : D16",2,8,36,72,1,1,0,0,0,""
144,89,"(C3 x C3) : Q16",2,8,36,72,1,1,0,0,0,""
144,96,"(C3 x C3) : D16",8,16,18,36,2,2,0,0,0,""
144,97,"(C3 x C3) : QD16",8,16,18,36,2,2,0,0,0,""
144,98,"(C3 x C3) : QD16",8,16,18,36,2,2,0,0,0,""
144,99,"(C3 x C3) : Q16",8,16,18,36,2,2,0,0,0,""
144,117,"(C3 x C3) : D16",7,12,18,36,2,2,0,0,0,""
144,117,"(C3 x C3) : D16",8,13,12,24,2,2,1,0,1,"false"
144,117,"(C3 x C3) : D16",9,14,12,24,2,2,1,0,1,"false"
144,118,"(C3 x C3) : QD16",7,12,18,36,2,2,0,0,0,""
144,118,"(C3 x C3) : QD16",8,13,12,24,2,2,1,0,1,"false"
144,118,"(C3 x C3) : QD16",9,14,12,24,2,2,1,0,1,"false"
144,119,"(C3 x C3) : Q16",7,12,18,36,2,2,0,0,0,""
144,119,"(C3 x C3) : Q16",8,13,12,24,2,2,1,0,1,"false"
144,119,"(C3 x C3) : Q16",9,14,12,24,2,2,1,0,1,"false"
144,124,"C3 : (C2 . S4 = SL(2,3) . C2)",7,12,18,36,1,1,0,0,0,""
144,125,"(C3 x SL(2,3)) : C2",7,12,18,36,1,1,0,0,0,""
144,131,"(C3 x C3) : (C8 : C2)",4,13,9,18,1,1,0,0,0,""
144,131,"(C3 x C3) : (C8 : C2)",11,17,4,8,1,1,0,0,0,""
144,131,"(C3 x C3) : (C8 : C2)",12,18,4,8,1,1,0,0,0,""
144,133,"(C3 x C3) : (C4 : C4)",4,13,9,18,1,1,0,0,0,""
144,133,"(C3 x C3) : (C4 : C4)",11,17,4,8,1,1,0,0,0,""
144,133,"(C3 x C3) : (C4 : C4)",12,18,4,8,1,1,0,0,0,""
144,135,"(C3 x C3) : (C8 : C2)",4,13,9,18,1,1,0,0,0,""
144,135,"(C3 x C3) : (C8 : C2)",11,17,4,8,1,1,0,0,0,""
144,135,"(C3 x C3) : (C8 : C2)",12,18,4,8,1,1,0,0,0,""
144,136,"(C3 x C3) : ((C4 x C2) : C2)",4,13,9,18,1,1,0,0,0,""
144,136,"(C3 x C3) : ((C4 x C2) : C2)",11,17,4,8,1,1,0,0,0,""
144,136,"(C3 x C3) : ((C4 x C2) : C2)",12,18,4,8,1,1,0,0,0,""
144,139,"(C3 x C3) : ((C4 x C2) : C2)",8,19,9,18,1,1,0,0,0,""
144,139,"(C3 x C3) : ((C4 x C2) : C2)",22,24,4,8,1,1,0,0,0,""
144,140,"(C3 x C3) : (C2 x Q8)",8,19,9,18,1,1,0,0,0,""
144,140,"(C3 x C3) : (C2 x Q8)",22,24,4,8,1,1,0,0,0,""
144,145,"(C3 x C3) : (C2 x D8)",8,19,9,18,1,1,0,0,0,""
144,145,"(C3 x C3) : (C2 x D8)",22,24,4,8,1,1,0,0,0,""
144,148,"(C3 x C3) : ((C4 x C2) : C2)",8,19,9,18,1,1,0,0,0,""
144,148,"(C3 x C3) : ((C4 x C2) : C2)",22,24,4,8,1,1,0,0,0,""
144,154,"(C3 x C3) : (C2 x D8)",8,19,9,18,1,1,0,0,0,""
144,154,"(C3 x C3) : (C2 x D8)",22,24,4,8,1,1,0,0,0,""
144,172,"D8 x ((C3 x C3) : C2)",2,10,9,18,1,1,0,0,0,""
144,173,"(C3 x C3) : ((C4 x C2) : C2)",8,19,9,18,1,1,0,0,0,""
144,174,"Q8 x ((C3 x C3) : C2)",2,10,9,18,1,1,0,0,0,""
144,175,"(C3 x C3) : ((C4 x C2) : C2)",8,19,9,18,1,1,0,0,0,""
144,182,"(C3 x C3) : QD16",2,8,18,36,2,2,0,0,0,""
147,1,"C49 : C3",2,5,49,98,1,1,0,0,0,""
147,4,"(C7 x C7) : C3",2,5,49,98,1,1,0,0,0,""
147,5,"(C7 x C7) : C3",2,5,49,98,1,1,0,0,0,""
148,1,"C37 : C4",2,5,37,74,1,1,0,0,0,""
148,3,"C37 : C4",2,5,37,74,1,1,0,0,0,""
148,4,"D148",2,5,37,74,1,1,0,0,0,""
152,3,"C19 : Q8",2,6,38,76,1,1,0,0,0,""
152,5,"D152",2,6,38,76,1,1,0,0,0,""
152,7,"C19 : D8",2,6,38,76,1,1,0,0,0,""
156,5,"C3 : (C13 : C4)",2,6,39,78,1,1,0,0,0,""
156,10,"C3 : (C13 : C4)",2,6,39,78,1,1,0,0,0,""
156,14,"(C2 x C2) : (C13 : C3)",2,5,52,104,1,1,0,0,0,""
156,17,"D156",2,6,39,78,1,1,0,0,0,""
160,6,"D160",2,8,40,80,1,1,0,0,0,""
160,7,"C5 : QD32",2,8,40,80,1,1,0,0,0,""
160,8,"C5 : Q32",2,8,40,80,1,1,0,0,0,""
160,74,"C5 : ((C2 x C2 x C2) : C4)",4,12,10,20,1,1,0,0,0,""
160,80,"C5 : (C2 . ((C4 x C2) : C2) = (C2 x C2) . (C4 x C2))",4,12,10,20,1,1,0,0,0,""
160,82,"C5 : ((C8 x C2) : C2)",11,18,8,16,3,3,0,0,0,""
160,83,"C5 : ((C4 x C4) : C2)",11,18,8,16,3,3,0,0,0,""
160,84,"C5 : (Q8 : C4)",11,18,8,16,3,3,0,0,0,""
160,85,"C5 : ((C4 x C4) : C2)",11,18,8,16,3,3,0,0,0,""
160,86,"C5 : ((C2 x C2 x C2) : C4)",4,12,10,20,1,1,0,0,0,""
160,88,"C5 : ((C8 : C2) : C2)",4,12,10,20,1,1,0,0,0,""
160,99,"C5 : ((C2 x Q8) : C2)",2,10,10,20,1,1,0,0,0,""
160,99,"C5 : ((C2 x Q8) : C2)",8,20,10,20,1,1,0,0,0,""
160,100,"C5 : ((C4 x C4) : C2)",2,10,10,20,1,1,0,0,0,""
160,100,"C5 : ((C4 x C4) : C2)",8,20,10,20,1,1,0,0,0,""
160,103,"C5 : ((C2 x C2 x C2 x C2) : C2)",2,10,10,20,1,1,0,0,0,""
160,103,"C5 : ((C2 x C2 x C2 x C2) : C2)",8,20,10,20,1,1,0,0,0,""
160,104,"C5 : ((C4 x C2 x C2) : C2)",2,10,10,20,1,1,0,0,0,""
160,104,"C5 : ((C4 x C2 x C2) : C2)",8,20,10,20,1,1,0,0,0,""
160,105,"C5 : ((C4 x C2 x C2) : C2)",2,10,10,20,1,1,0,0,0,""
160,105,"C5 : ((C4 x C2 x C2) : C2)",8,20,10,20,1,1,0,0,0,""
160,106,"C5 : ((C4 x C4) : C2)",9,19,10,20,1,1,0,0,0,""
160,106,"C5 : ((C4 x C4) : C2)",18,28,10,20,1,1,0,0,0,""
160,107,"C5 : ((C4 x C2 x C2) : C2)",9,19,10,20,1,1,0,0,0,""
160,107,"C5 : ((C4 x C2 x C2) : C2)",18,28,10,20,1,1,0,0,0,""
160,109,"C5 : (C4 : Q8)",2,10,10,20,1,1,0,0,0,""
160,109,"C5 : (C4 : Q8)",8,20,10,20,1,1,0,0,0,""
160,110,"C5 : ((C2 x C2) . (C2 x C2 x C2))",2,10,10,20,1,1,0,0,0,""
160,110,"C5 : ((C2 x C2) . (C2 x C2 x C2))",8,20,10,20,1,1,0,0,0,""
160,111,"C5 : ((C2 x C2) . (C2 x C2 x C2))",2,10,10,20,1,1,0,0,0,""
160,111,"C5 : ((C2 x C2) . (C2 x C2 x C2))",8,20,10,20,1,1,0,0,0,""
160,115,"C5 : ((C4 x C2 x C2) : C2)",2,10,10,20,1,1,0,0,0,""
160,115,"C5 : ((C4 x C2 x C2) : C2)",8,20,10,20,1,1,0,0,0,""
160,116,"C5 : ((C4 x C2 x C2) : C2)",2,10,10,20,1,1,0,0,0,""
160,116,"C5 : ((C4 x C2 x C2) : C2)",8,20,10,20,1,1,0,0,0,""
160,117,"C5 : ((C2 x Q8) : C2)",2,10,10,20,1,1,0,0,0,""
160,117,"C5 : ((C2 x Q8) : C2)",8,20,10,20,1,1,0,0,0,""
160,118,"C5 : ((C2 x Q8) : C2)",2,10,10,20,1,1,0,0,0,""
160,118,"C5 : ((C2 x Q8) : C2)",8,20,10,20,1,1,0,0,0,""
160,119,"C5 : ((C4 x C4) : C2)",9,19,10,20,1,1,0,0,0,""
160,119,"C5 : ((C4 x C4) : C2)",18,28,10,20,1,1,0,0,0,""
160,132,"C5 : (C8 : (C2 x C2))",2,10,10,20,1,1,0,0,0,""
160,135,"C5 : (C8 : (C2 x C2))",2,10,10,20,1,1,0,0,0,""
160,136,"C5 : ((C2 x Q8) : C2)",2,10,10,20,1,1,0,0,0,""
160,139,"C5 : ((C2 x Q8) : C2)",2,10,10,20,1,1,0,0,0,""
160,156,"C5 : ((C4 x C2 x C2) : C2)",2,10,10,20,1,1,0,0,0,""
160,156,"C5 : ((C4 x C2 x C2) : C2)",8,20,10,20,1,1,0,0,0,""
160,157,"C5 : ((C4 x C4) : C2)",2,10,10,20,1,1,0,0,0,""
160,157,"C5 : ((C4 x C4) : C2)",8,20,10,20,1,1,0,0,0,""
160,158,"C5 : ((C2 x C2 x C2 x C2) : C2)",2,10,10,20,1,1,0,0,0,""
160,158,"C5 : ((C2 x C2 x C2 x C2) : C2)",8,20,10,20,1,1,0,0,0,""
160,159,"C5 : ((C4 x C2 x C2) : C2)",2,10,10,20,1,1,0,0,0,""
160,159,"C5 : ((C4 x C2 x C2) : C2)",8,20,10,20,1,1,0,0,0,""
160,160,"C5 : ((C4 x C2 x C2) : C2)",9,19,10,20,1,1,0,0,0,""
160,160,"C5 : ((C4 x C2 x C2) : C2)",18,28,10,20,1,1,0,0,0,""
160,161,"C5 : ((C4 x C4) : C2)",9,19,10,20,1,1,0,0,0,""
160,161,"C5 : ((C4 x C4) : C2)",18,28,10,20,1,1,0,0,0,""
160,165,"C5 : (C4 : Q8)",2,10,10,20,1,1,0,0,0,""
160,165,"C5 : (C4 : Q8)",8,20,10,20,1,1,0,0,0,""
160,167,"C5 : ((C2 x Q8) : C2)",2,10,10,20,1,1,0,0,0,""
160,167,"C5 : ((C2 x Q8) : C2)",8,20,10,20,1,1,0,0,0,""
160,168,"C5 : ((C4 x C4) : C2)",9,19,10,20,1,1,0,0,0,""
160,168,"C5 : ((C4 x C4) : C2)",18,28,10,20,1,1,0,0,0,""
160,199,"((C2 x Q8) : C2) : C5",3,4,10,20,5,6,5,0,5,"false;false;false;false;false"
160,199,"((C2 x Q8) : C2) : C5",3,5,10,20,5,6,5,0,5,"false;false;false;false;false"
160,199,"((C2 x Q8) : C2) : C5",4,5,10,20,5,6,5,0,5,"false;false;false;false;false"
160,234,"((C2 x C2 x C2 x C2) : C5) : C2",3,10,32,64,3,3,0,0,0,""
162,5,"((C9 x C3) : C3) : C2",6,12,2,4,1,1,0,0,0,""
162,5,"((C9 x C3) : C3) : C2",6,18,2,4,1,1,0,0,0,""
162,5,"((C9 x C3) : C3) : C2",12,18,2,4,1,1,0,0,0,""
162,19,"((C3 x C3 x C3) : C3) : C2",3,8,18,36,1,1,0,0,0,""
162,19,"((C3 x C3 x C3) : C3) : C2",3,12,18,36,1,1,0,0,0,""
162,19,"((C3 x C3 x C3) : C3) : C2",8,12,18,36,1,1,0,0,0,""
162,20,"((C9 x C3) : C3) : C2",3,8,18,36,1,1,0,0,0,""
162,20,"((C9 x C3) : C3) : C2",3,13,18,36,1,1,0,0,0,""
162,20,"((C9 x C3) : C3) : C2",8,13,18,36,1,1,0,0,0,""
162,21,"((C9 x C3) : C3) : C2",3,4,18,36,1,1,0,0,0,""
162,21,"((C9 x C3) : C3) : C2",3,11,18,36,1,1,0,0,0,""
162,21,"((C9 x C3) : C3) : C2",4,11,18,36,1,1,0,0,0,""
162,22,"(C3 . ((C3 x C3) : C3) = (C3 x C3) . (C3 x C3)) : C2",3,8,18,36,1,1,0,0,0,""
162,22,"(C3 . ((C3 x C3) : C3) = (C3 x C3) . (C3 x C3)) : C2",3,12,18,36,1,1,0,0,0,""
162,22,"(C3 . ((C3 x C3) : C3) = (C3 x C3) . (C3 x C3)) : C2",8,12,18,36,1,1,0,0,0,""
162,40,"(C3 x ((C3 x C3) : C3)) : C2",5,12,2,4,1,1,0,0,0,""
162,40,"(C3 x ((C3 x C3) : C3)) : C2",5,18,2,4,1,1,0,0,0,""
162,40,"(C3 x ((C3 x C3) : C3)) : C2",12,18,2,4,1,1,0,0,0,""
162,42,"(C3 x (C9 : C3)) : C2",5,12,2,4,1,1,0,0,0,""
162,42,"(C3 x (C9 : C3)) : C2",5,18,2,4,1,1,0,0,0,""
162,42,"(C3 x (C9 : C3)) : C2",12,18,2,4,1,1,0,0,0,""
164,1,"C41 : C4",2,5,41,82,1,1,0,0,0,""
164,3,"C41 : C4",2,5,41,82,1,1,0,0,0,""
164,4,"D164",2,5,41,82,1,1,0,0,0,""
168,7,"C7 : (C3 x Q8)",10,17,6,12,5,10,0,0,0,""
168,9,"C7 : (C3 x D8)",10,17,6,12,5,10,0,0,0,""
168,11,"C7 : (C3 x D8)",10,17,6,12,5,10,0,0,0,""
168,15,"C3 : ((C14 x C2) : C2)",8,14,14,28,1,1,0,0,0,""
168,16,"C3 : D56",8,14,14,28,1,1,0,0,0,""
168,17,"C3 : ((C14 x C2) : C2)",8,14,14,28,1,1,0,0,0,""
168,18,"C3 : (C7 : Q8)",8,14,14,28,1,1,0,0,0,""
168,34,"C3 : (C7 : Q8)",2,7,42,84,1,1,0,0,0,""
168,36,"D168",2,7,42,84,1,1,0,0,0,""
168,38,"C3 : ((C14 x C2) : C2)",2,7,42,84,1,1,0,0,0,""
168,42,"PSL(3,2)",5,6,24,48,1,1,0,0,0,""
168,43,"(C2 x C2 x C2) : (C7 : C3)",3,8,24,48,5,10,0,0,0,""
168,46,"C7 : S4",2,6,42,84,9,108,3,3,0,"true;true;true"
171,3,"C19 : C9",4,8,9,18,17,24310,0,0,0,""
172,1,"C43 : C4",2,5,43,86,1,1,0,0,0,""
172,3,"D172",2,5,43,86,1,1,0,0,0,""
176,5,"C11 : QD16",2,7,44,88,1,1,0,0,0,""
176,6,"D176",2,7,44,88,1,1,0,0,0,""
176,7,"C11 : Q16",2,7,44,88,1,1,0,0,0,""
176,14,"C11 : D16",7,12,22,44,2,2,0,0,0,""
176,15,"C11 : QD16",7,12,22,44,2,2,0,0,0,""
176,16,"C11 : QD16",7,12,22,44,2,2,0,0,0,""
176,17,"C11 : Q16",7,12,22,44,2,2,0,0,0,""
176,31,"D8 x D22",2,9,11,22,1,1,0,0,0,""
176,32,"C11 : ((C4 x C2) : C2)",7,15,11,22,1,1,0,0,0,""
176,33,"Q8 x D22",2,9,11,22,1,1,0,0,0,""
176,34,"C11 : ((C4 x C2) : C2)",7,15,11,22,1,1,0,0,0,""
180,3,"C9 : (C5 : C4)",2,7,45,90,1,1,0,0,0,""
180,6,"C9 : (C5 : C4)",2,7,45,90,1,1,0,0,0,""
180,11,"D180",2,7,45,90,1,1,0,0,0,""
180,17,"(C3 x C3) : (C5 : C4)",2,7,45,90,1,1,0,0,0,""
180,22,"(C3 x C3) : (C5 : C4)",2,7,45,90,1,1,0,0,0,""
180,24,"(C3 x C3) : (C5 : C4)",2,7,45,90,1,1,0,0,0,""
180,25,"(C3 x C3) : (C5 : C4)",2,7,45,90,1,1,0,0,0,""
180,36,"C2 x ((C15 x C3) : C2)",2,7,45,90,1,1,0,0,0,""
183,1,"C61 : C3",2,4,61,122,1,1,0,0,0,""
184,3,"C23 : Q8",2,6,46,92,1,1,0,0,0,""
184,5,"D184",2,6,46,92,1,1,0,0,0,""
184,7,"C23 : D8",2,6,46,92,1,1,0,0,0,""
188,1,"C47 : C4",2,5,47,94,1,1,0,0,0,""
188,3,"D188",2,5,47,94,1,1,0,0,0,""
192,3,"(C8 x C8) : C3",2,7,64,128,1,1,0,0,0,""
192,4,"(C4 . (C4 x C4)) : C3",3,12,12,24,1,1,0,0,0,""
192,4,"(C4 . (C4 x C4)) : C3",13,14,12,24,1,1,0,0,0,""
192,7,"D192",2,9,48,96,1,1,0,0,0,""
192,8,"C3 : QD64",2,9,48,96,1,1,0,0,0,""
192,9,"C3 : Q64",2,9,48,96,1,1,0,0,0,""
192,30,"C3 : (((C2 x C2 x C2) : C4) : C2)",2,11,12,24,4,8,3,3,0,"true;true;true"
192,30,"C3 : (((C2 x C2 x C2) : C4) : C2)",15,23,4,8,1,1,0,0,0,""
192,31,"C3 : ((C4 x C2 x C2) : C4)",2,11,12,24,4,8,3,3,0,"true;true;true"
192,31,"C3 : ((C4 x C2 x C2) : C4)",15,23,4,8,1,1,0,0,0,""
192,32,"C3 : ((C2 x Q8) : C4)",10,19,12,24,4,8,1,1,0,"true"
192,32,"C3 : ((C2 x Q8) : C4)",14,23,4,8,1,1,0,0,0,""
192,33,"C3 : (((C2 x C2 x C2) : C4) : C2)",10,19,12,24,4,8,1,1,0,"true"
192,33,"C3 : (((C2 x C2 x C2) : C4) : C2)",14,23,4,8,1,1,0,0,0,""
192,34,"C3 : (((C8 : C2) : C2) : C2)",2,11,12,24,4,8,3,3,0,"true;true;true"
192,34,"C3 : (((C8 : C2) : C2) : C2)",15,23,4,8,1,1,0,0,0,""
192,35,"C3 : ((C4 x C2 x C2) : C4)",2,11,12,24,4,8,3,3,0,"true;true;true"
192,35,"C3 : ((C4 x C2 x C2) : C4)",15,23,4,8,1,1,0,0,0,""
192,36,"C3 : ((C2 . ((C4 x C2) : C2) = (C2 x C2) . (C4 x C2)) : C2)",10,19,12,24,4,8,1,1,0,"true"
192,36,"C3 : ((C2 . ((C4 x C2) : C2) = (C2 x C2) . (C4 x C2)) : C2)",14,23,4,8,1,1,0,0,0,""
192,37,"C3 : (C2 . ((C2 x C2 x C2) : C4) = (C4 x C2) . (C4 x C2))",10,19,12,24,4,8,1,1,0,"true"
192,37,"C3 : (C2 . ((C2 x C2 x C2) : C4) = (C4 x C2) . (C4 x C2))",14,23,4,8,1,1,0,0,0,""
192,78,"C3 : D64",10,21,16,32,1,1,0,0,0,""
192,79,"C3 : QD64",10,21,16,32,1,1,0,0,0,""
192,80,"C3 : QD64",10,21,16,32,1,1,0,0,0,""
192,81,"C3 : Q64",10,21,16,32,1,1,0,0,0,""
192,95,"C3 : (((C8 : C2) : C2) : C2)",16,24,4,8,1,1,0,0,0,""
192,96,"C3 : (((C8 x C2) : C2) : C2)",17,29,4,8,1,1,0,0,0,""
192,97,"C3 : ((C2 x Q8) : C4)",17,29,4,8,1,1,0,0,0,""
192,98,"C3 : ((C4 x C2 x C2) : C4)",16,24,4,8,1,1,0,0,0,""
192,99,"C3 : ((C8 : C4) : C2)",17,29,4,8,1,1,0,0,0,""
192,100,"C3 : ((C2 x Q8) : C4)",15,23,4,8,1,1,0,0,0,""
192,101,"C3 : ((C2 . ((C4 x C2) : C2) = (C2 x C2) . (C4 x C2)) : C2)",15,23,4,8,1,1,0,0,0,""
192,102,"C3 : ((C2 x C2) . ((C4 x C2) : C2) = (C4 x C2) . (C4 x C2))",17,29,4,8,1,1,0,0,0,""
192,103,"C3 : ((C4 : C8) : C2)",17,29,4,8,1,1,0,0,0,""
192,104,"C3 : (((C2 x C2 x C2) : C4) : C2)",15,23,4,8,1,1,0,0,0,""
192,105,"C3 : ((C2 x C2) . ((C4 x C2) : C2) = (C4 x C2) . (C4 x C2))",17,29,4,8,1,1,0,0,0,""
192,106,"C3 : ((C2 x C2) . ((C4 x C2) : C2) = (C4 x C2) . (C4 x C2))",17,29,4,8,1,1,0,0,0,""
192,107,"C3 : (C2 . ((C2 x C2 x C2) : C4) = (C4 x C2) . (C4 x C2))",15,23,4,8,1,1,0,0,0,""
192,194,"((C2 x ((C4 x C2) : C2)) : C2) : C3",4,12,12,24,9,108,3,3,0,"true;true;true"
192,194,"((C2 x ((C4 x C2) : C2)) : C2) : C3",8,16,12,24,9,108,23,3,20,"false;false;false;false;false;false;true;false;false;false;false;false;false;false;true;false;true;false;false;false;false;false;false"
192,195,"((C2 x C2 x Q8) : C2) : C3",4,12,12,24,9,108,23,3,20,"false;true;false;true;false;false;false;false;false;false;false;false;false;false;false;false;false;false;false;false;false;false;true"
192,195,"((C2 x C2 x Q8) : C2) : C3",8,16,12,24,9,108,3,3,0,"true;true;true"
192,196,"((C4 x C2) : Q8) : C3",4,12,12,24,9,108,23,3,20,"false;true;false;true;false;false;false;false;false;false;false;false;false;false;false;false;false;false;false;false;false;false;true"
192,196,"((C4 x C2) : Q8) : C3",8,16,12,24,9,108,3,3,0,"true;true;true"
192,197,"(((C4 x C2) : C4) : C2) : C3",4,13,12,24,9,108,7,3,4,"true;false;false;false;false;true;true"
192,197,"(((C4 x C2) : C4) : C2) : C3",9,16,12,24,9,108,7,3,4,"false;false;true;true;true;false;false"
192,198,"(((C4 x C2) : C4) : C2) : C3",4,12,12,24,9,108,3,3,0,"true;true;true"
192,198,"(((C4 x C2) : C4) : C2) : C3",8,16,12,24,9,108,23,3,20,"false;false;false;false;false;false;true;false;false;false;false;false;false;false;true;false;true;false;false;false;false;false;false"
192,199,"((C2 x C2 x C2) . (C2 x C2 x C2)) : C3",4,13,12,24,9,108,7,3,4,"true;false;false;false;false;true;true"
192,199,"((C2 x C2 x C2) . (C2 x C2 x C2)) : C3",9,16,12,24,9,108,7,3,4,"false;false;true;true;true;false;false"
192,201,"(((C2 x C2 x C2 x C2) : C2) : C2) : C3",4,12,12,24,9,108,23,0,23,"false;false;false;false;false;false;false;false;false;false;false;false;false;false;false;false;false;false;false;false;false;false;false"
192,202,"(((C4 x C2 x C2) : C2) : C2) : C3",4,12,12,24,9,108,23,0,23,"false;false;false;false;false;false;false;false;false;false;false;false;false;false;false;false;false;false;false;false;false;false;false"
192,215,"C3 : ((C4 x C2) : Q8)",2,11,12,24,1,1,0,0,0,""
192,215,"C3 : ((C4 x C2) : Q8)",9,24,12,24,1,1,0,0,0,""
192,215,"C3 : ((C4 x C2) : Q8)",10,25,12,24,1,1,0,0,0,""
192,215,"C3 : ((C4 x C2) : Q8)",23,36,12,24,1,1,0,0,0,""
192,216,"C3 : ((C2 x C2 x C2) . (C2 x C2 x C2))",2,11,12,24,1,1,0,0,0,""
192,216,"C3 : ((C2 x C2 x C2) . (C2 x C2 x C2))",9,24,12,24,1,1,0,0,0,""
192,216,"C3 : ((C2 x C2 x C2) . (C2 x C2 x C2))",10,25,12,24,1,1,0,0,0,""
192,216,"C3 : ((C2 x C2 x C2) . (C2 x C2 x C2))",23,36,12,24,1,1,0,0,0,""
192,217,"C3 : ((C2 x C2 x C2) . (C2 x C2 x C2))",2,11,12,24,1,1,0,0,0,""
192,217,"C3 : ((C2 x C2 x C2) . (C2 x C2 x C2))",9,24,12,24,1,1,0,0,0,""
192,217,"C3 : ((C2 x C2 x C2) . (C2 x C2 x C2))",10,25,12,24,1,1,0,0,0,""
192,217,"C3 : ((C2 x C2 x C2) . (C2 x C2 x C2))",23,37,12,24,1,1,0,0,0,""
192,218,"C3 : ((C2 x C2 x C2) . (C2 x C2 x C2))",2,11,12,24,1,1,0,0,0,""
192,218,"C3 : ((C2 x C2 x C2) . (C2 x C2 x C2))",9,24,12,24,1,1,0,0,0,""
192,218,"C3 : ((C2 x C2 x C2) . (C2 x C2 x C2))",10,25,12,24,1,1,0,0,0,""
192,218,"C3 : ((C2 x C2 x C2) . (C2 x C2 x C2))",23,36,12,24,1,1,0,0,0,""
192,219,"C3 : ((C2 x C2 x C2) . (C2 x C2 x C2))",2,11,12,24,1,1,0,0,0,""
192,219,"C3 : ((C2 x C2 x C2) . (C2 x C2 x C2))",9,24,12,24,1,1,0,0,0,""
192,219,"C3 : ((C2 x C2 x C2) . (C2 x C2 x C2))",10,25,12,24,1,1,0,0,0,""
192,219,"C3 : ((C2 x C2 x C2) . (C2 x C2 x C2))",23,36,12,24,1,1,0,0,0,""
192,220,"C3 : ((C2 x C2 x C2) . (C2 x C2 x C2))",2,11,12,24,1,1,0,0,0,""
192,220,"C3 : ((C2 x C2 x C2) . (C2 x C2 x C2))",9,24,12,24,1,1,0,0,0,""
192,220,"C3 : ((C2 x C2 x C2) . (C2 x C2 x C2))",10,25,12,24,1,1,0,0,0,""
192,220,"C3 : ((C2 x C2 x C2) . (C2 x C2 x C2))",23,36,12,24,1,1,0,0,0,""
192,221,"C3 : ((C2 x C2 x C2) . (C2 x C2 x C2))",2,11,12,24,1,1,0,0,0,""
192,221,"C3 : ((C2 x C2 x C2) . (C2 x C2 x C2))",9,24,12,24,1,1,0,0,0,""
192,221,"C3 : ((C2 x C2 x C2) . (C2 x C2 x C2))",10,25,12,24,1,1,0,0,0,""
192,221,"C3 : ((C2 x C2 x C2) . (C2 x C2 x C2))",23,37,12,24,1,1,0,0,0,""
192,230,"C3 : ((C2 x C2 x D8) : C2)",2,11,12,24,1,1,0,0,0,""
192,230,"C3 : ((C2 x C2 x D8) : C2)",9,24,12,24,1,1,0,0,0,""
192,230,"C3 : ((C2 x C2 x D8) : C2)",10,25,12,24,1,1,0,0,0,""
192,230,"C3 : ((C2 x C2 x D8) : C2)",23,36,12,24,1,1,0,0,0,""
192,231,"C3 : ((C2 x ((C4 x C2) : C2)) : C2)",2,11,12,24,1,1,0,0,0,""
192,231,"C3 : ((C2 x ((C4 x C2) : C2)) : C2)",9,24,12,24,1,1,0,0,0,""
192,231,"C3 : ((C2 x ((C4 x C2) : C2)) : C2)",10,25,12,24,1,1,0,0,0,""
192,231,"C3 : ((C2 x ((C4 x C2) : C2)) : C2)",23,36,12,24,1,1,0,0,0,""
192,232,"C3 : (((C4 x C2) : C4) : C2)",2,11,12,24,1,1,0,0,0,""
192,232,"C3 : (((C4 x C2) : C4) : C2)",9,24,12,24,1,1,0,0,0,""
192,232,"C3 : (((C4 x C2) : C4) : C2)",10,25,12,24,1,1,0,0,0,""
192,232,"C3 : (((C4 x C2) : C4) : C2)",23,36,12,24,1,1,0,0,0,""
192,233,"C3 : (((C4 x C2) : C4) : C2)",2,11,12,24,1,1,0,0,0,""
192,233,"C3 : (((C4 x C2) : C4) : C2)",9,24,12,24,1,1,0,0,0,""
192,233,"C3 : (((C4 x C2) : C4) : C2)",10,25,12,24,1,1,0,0,0,""
192,233,"C3 : (((C4 x C2) : C4) : C2)",23,36,12,24,1,1,0,0,0,""
192,234,"C3 : (((C4 x C2) : C4) : C2)",2,11,12,24,1,1,0,0,0,""
192,234,"C3 : (((C4 x C2) : C4) : C2)",9,24,12,24,1,1,0,0,0,""
192,234,"C3 : (((C4 x C2) : C4) : C2)",10,25,12,24,1,1,0,0,0,""
192,234,"C3 : (((C4 x C2) : C4) : C2)",23,37,12,24,1,1,0,0,0,""
192,235,"C3 : (((C4 x C2) : C4) : C2)",2,11,12,24,1,1,0,0,0,""
192,235,"C3 : (((C4 x C2) : C4) : C2)",9,24,12,24,1,1,0,0,0,""
192,235,"C3 : (((C4 x C2) : C4) : C2)",10,25,12,24,1,1,0,0,0,""
192,235,"C3 : (((C4 x C2) : C4) : C2)",23,37,12,24,1,1,0,0,0,""
192,236,"C3 : (((C4 x C2) : C4) : C2)",2,11,12,24,1,1,0,0,0,""
192,236,"C3 : (((C4 x C2) : C4) : C2)",9,24,12,24,1,1,0,0,0,""
192,236,"C3 : (((C4 x C2) : C4) : C2)",10,25,12,24,1,1,0,0,0,""
192,236,"C3 : (((C4 x C2) : C4) : C2)",23,36,12,24,1,1,0,0,0,""
192,280,"C3 : ((C8 : C4) : C2)",2,11,12,24,1,1,0,0,0,""
192,280,"C3 : ((C8 : C4) : C2)",9,24,12,24,1,1,0,0,0,""
192,281,"C3 : ((Q8 : C4) : C2)",2,11,12,24,1,1,0,0,0,""
192,281,"C3 : ((Q8 : C4) : C2)",9,24,12,24,1,1,0,0,0,""
192,282,"C3 : ((Q8 : C4) : C2)",2,11,12,24,1,1,0,0,0,""
192,282,"C3 : ((Q8 : C4) : C2)",9,24,12,24,1,1,0,0,0,""
192,290,"C3 : ((C2 x QD16) : C2)",2,11,12,24,1,1,0,0,0,""
192,290,"C3 : ((C2 x QD16) : C2)",9,24,12,24,1,1,0,0,0,""
192,291,"C3 : ((C2 x D16) : C2)",2,11,12,24,1,1,0,0,0,""
192,291,"C3 : ((C2 x D16) : C2)",9,24,12,24,1,1,0,0,0,""
192,292,"C3 : ((C2 x QD16) : C2)",2,11,12,24,1,1,0,0,0,""
192,292,"C3 : ((C2 x QD16) : C2)",9,24,12,24,1,1,0,0,0,""
192,293,"C3 : ((C2 x D16) : C2)",2,11,12,24,1,1,0,0,0,""
192,293,"C3 : ((C2 x D16) : C2)",9,24,12,24,1,1,0,0,0,""
192,294,"C3 : (((C8 x C2) : C2) : C2)",10,23,12,24,1,1,0,0,0,""
192,294,"C3 : (((C8 x C2) : C2) : C2)",22,33,12,24,1,1,0,0,0,""
192,295,"C3 : (((C8 x C2) : C2) : C2)",10,23,12,24,1,1,0,0,0,""
192,295,"C3 : (((C8 x C2) : C2) : C2)",22,33,12,24,1,1,0,0,0,""
192,296,"C3 : (((C8 x C2) : C2) : C2)",10,22,12,24,1,1,0,0,0,""
192,296,"C3 : (((C8 x C2) : C2) : C2)",21,33,12,24,1,1,0,0,0,""
192,297,"C3 : ((C2 x QD16) : C2)",2,11,12,24,1,1,0,0,0,""
192,297,"C3 : ((C2 x QD16) : C2)",9,24,12,24,1,1,0,0,0,""
192,298,"C3 : ((C2 x Q16) : C2)",2,11,12,24,1,1,0,0,0,""
192,298,"C3 : ((C2 x Q16) : C2)",9,24,12,24,1,1,0,0,0,""
192,299,"C3 : (((C4 x C4) : C2) : C2)",2,13,3,6,1,1,0,0,0,""
192,300,"C3 : (((C2 x C2 x C2 x C2) : C2) : C2)",2,11,12,24,1,1,0,0,0,""
192,300,"C3 : (((C2 x C2 x C2 x C2) : C2) : C2)",9,21,12,24,1,1,0,0,0,""
192,300,"C3 : (((C2 x C2 x C2 x C2) : C2) : C2)",10,22,12,24,4,8,3,3,0,"true;true;true"
192,301,"C3 : (((C4 x C2 x C2) : C2) : C2)",2,11,12,24,1,1,0,0,0,""
192,301,"C3 : (((C4 x C2 x C2) : C2) : C2)",9,21,12,24,1,1,0,0,0,""
192,301,"C3 : (((C4 x C2 x C2) : C2) : C2)",10,22,12,24,4,8,3,3,0,"true;true;true"
192,302,"((C2 x C2 x C2) : C4) x S3",2,13,3,6,1,1,0,0,0,""
192,303,"((C8 : C2) : C2) x S3",2,13,3,6,1,1,0,0,0,""
192,304,"C3 : ((C2 x (C8 : C2)) : C2)",11,26,3,6,1,1,0,0,0,""
192,305,"C3 : (((C2 x Q8) : C2) : C2)",2,11,12,24,1,1,0,0,0,""
192,305,"C3 : (((C2 x Q8) : C2) : C2)",9,21,12,24,1,1,0,0,0,""
192,305,"C3 : (((C2 x Q8) : C2) : C2)",20,26,12,24,4,8,1,1,0,"true"
192,306,"C3 : ((C8 : (C2 x C2)) : C2)",2,11,12,24,1,1,0,0,0,""
192,306,"C3 : ((C8 : (C2 x C2)) : C2)",9,21,12,24,1,1,0,0,0,""
192,306,"C3 : ((C8 : (C2 x C2)) : C2)",20,26,12,24,4,8,1,1,0,"true"
192,307,"C3 : (((C2 x Q8) : C2) : C2)",2,11,12,24,1,1,0,0,0,""
192,307,"C3 : (((C2 x Q8) : C2) : C2)",9,22,6,12,2,2,0,0,0,""
192,308,"C3 : ((C8 : (C2 x C2)) : C2)",2,11,12,24,1,1,0,0,0,""
192,308,"C3 : ((C8 : (C2 x C2)) : C2)",9,21,6,12,2,2,0,0,0,""
192,309,"(C2 . ((C4 x C2) : C2) = (C2 x C2) . (C4 x C2)) x S3",2,13,3,6,1,1,0,0,0,""
192,310,"C3 : ((C2 x (C8 : C2)) : C2)",11,26,3,6,1,1,0,0,0,""
192,311,"C3 : (((C2 x Q8) : C2) : C2)",2,11,12,24,1,1,0,0,0,""
192,311,"C3 : (((C2 x Q8) : C2) : C2)",9,21,12,24,1,1,0,0,0,""
192,311,"C3 : (((C2 x Q8) : C2) : C2)",20,26,12,24,4,8,1,1,0,"true"
192,312,"C3 : ((C8 : (C2 x C2)) : C2)",2,11,12,24,1,1,0,0,0,""
192,312,"C3 : ((C8 : (C2 x C2)) : C2)",9,21,12,24,1,1,0,0,0,""
192,312,"C3 : ((C8 : (C2 x C2)) : C2)",20,26,12,24,4,8,1,1,0,"true"
192,313,"C3 : (((C2 x Q8) : C2) : C2)",2,11,12,24,1,1,0,0,0,""
192,313,"C3 : (((C2 x Q8) : C2) : C2)",9,22,6,12,2,2,0,0,0,""
192,314,"C3 : ((C2 . ((C4 x C2) : C2) = (C2 x C2) . (C4 x C2)) : C2)",2,11,12,24,1,1,0,0,0,""
192,314,"C3 : ((C2 . ((C4 x C2) : C2) = (C2 x C2) . (C4 x C2)) : C2)",9,21,6,12,2,2,0,0,0,""
192,318,"C3 : ((C4 : Q8) : C2)",9,23,12,24,1,1,0,0,0,""
192,320,"C3 : ((C4 : Q8) : C2)",9,23,12,24,1,1,0,0,0,""
192,321,"C3 : ((C4 x Q8) : C2)",10,23,12,24,1,1,0,0,0,""
192,322,"C3 : (((C2 x C2) . (C2 x C2 x C2)) : C2)",9,23,12,24,1,1,0,0,0,""
192,323,"C3 : (((C2 x C2) . (C2 x C2 x C2)) : C2)",2,11,12,24,1,1,0,0,0,""
192,323,"C3 : (((C2 x C2) . (C2 x C2 x C2)) : C2)",20,27,12,24,1,1,0,0,0,""
192,324,"C3 : ((C8 : C4) : C2)",2,11,12,24,1,1,0,0,0,""
192,324,"C3 : ((C8 : C4) : C2)",20,27,12,24,1,1,0,0,0,""
192,325,"C3 : (((C2 x C2) . (C2 x C2 x C2)) : C2)",9,23,12,24,1,1,0,0,0,""
192,326,"C3 : ((C4 : C8) : C2)",9,23,12,24,1,1,0,0,0,""
192,332,"C3 : (((C4 x C2 x C2) : C2) : C2)",9,23,12,24,1,1,0,0,0,""
192,333,"C3 : (((C8 x C2) : C2) : C2)",9,23,12,24,1,1,0,0,0,""
192,335,"C3 : (((C2 x Q8) : C2) : C2)",9,23,12,24,1,1,0,0,0,""
192,336,"C3 : (((C8 x C2) : C2) : C2)",9,23,12,24,1,1,0,0,0,""
192,338,"C3 : (((C8 x C2) : C2) : C2)",9,22,12,24,1,1,0,0,0,""
192,339,"C3 : (((C2 x Q8) : C2) : C2)",2,11,12,24,1,1,0,0,0,""
192,339,"C3 : (((C2 x Q8) : C2) : C2)",20,27,12,24,1,1,0,0,0,""
192,340,"C3 : (((C4 x C2 x C2) : C2) : C2)",9,22,12,24,1,1,0,0,0,""
192,341,"C3 : (((C4 x C2 x C2) : C2) : C2)",2,11,12,24,1,1,0,0,0,""
192,341,"C3 : (((C4 x C2 x C2) : C2) : C2)",20,27,12,24,1,1,0,0,0,""
192,342,"C3 : (((C2 x Q8) : C2) : C2)",9,22,12,24,1,1,0,0,0,""
192,343,"C3 : (((C8 x C2) : C2) : C2)",9,22,12,24,1,1,0,0,0,""
192,345,"C3 : ((C2 x D16) : C2)",2,11,12,24,1,1,0,0,0,""
192,346,"C3 : ((C2 x QD16) : C2)",2,11,12,24,1,1,0,0,0,""
192,350,"C3 : (Q8 : Q8)",9,23,12,24,1,1,0,0,0,""
192,352,"C3 : (Q8 : Q8)",9,23,12,24,1,1,0,0,0,""
192,353,"C3 : ((C8 : C4) : C2)",2,11,12,24,1,1,0,0,0,""
192,353,"C3 : ((C8 : C4) : C2)",20,27,12,24,1,1,0,0,0,""
192,354,"C3 : (C4 : Q16)",9,23,12,24,1,1,0,0,0,""
192,355,"C3 : ((C2 x C2) . (C2 x D8) = (C4 x C2) . (C2 x C2 x C2))",9,23,12,24,1,1,0,0,0,""
192,356,"C3 : ((C2 x C2) . (C2 x D8) = (C4 x C2) . (C2 x C2 x C2))",2,11,12,24,1,1,0,0,0,""
192,356,"C3 : ((C2 x C2) . (C2 x D8) = (C4 x C2) . (C2 x C2 x C2))",20,27,12,24,1,1,0,0,0,""
192,357,"C3 : ((C4 : C8) : C2)",9,23,12,24,1,1,0,0,0,""
192,358,"C3 : ((C2 x C2) . (C2 x D8) = (C4 x C2) . (C2 x C2 x C2))",9,23,12,24,1,1,0,0,0,""
192,364,"C3 : ((Q8 : C4) : C2)",9,23,12,24,1,1,0,0,0,""
192,365,"C3 : (((C8 x C2) : C2) : C2)",9,23,12,24,1,1,0,0,0,""
192,367,"C3 : (((C8 x C2) : C2) : C2)",10,22,12,24,1,1,0,0,0,""
192,368,"C3 : ((Q8 : C4) : C2)",9,23,12,24,1,1,0,0,0,""
192,369,"C3 : ((C2 x ((C4 x C2) : C2)) : C2)",10,22,12,24,1,1,0,0,0,""
192,370,"C3 : ((Q8 : C4) : C2)",9,23,12,24,1,1,0,0,0,""
192,371,"C3 : (((C2 x Q8) : C2) : C2)",2,11,12,24,1,1,0,0,0,""
192,371,"C3 : (((C2 x Q8) : C2) : C2)",20,27,12,24,1,1,0,0,0,""
192,373,"C3 : ((Q8 : C4) : C2)",9,22,12,24,1,1,0,0,0,""
192,374,"C3 : ((Q8 : C4) : C2)",9,22,12,24,1,1,0,0,0,""
192,375,"C3 : ((Q8 : C4) : C2)",2,11,12,24,1,1,0,0,0,""
192,375,"C3 : ((Q8 : C4) : C2)",20,27,12,24,1,1,0,0,0,""
192,377,"C3 : ((Q8 : C4) : C2)",2,11,12,24,1,1,0,0,0,""
192,378,"C3 : ((C2 x QD16) : C2)",2,11,12,24,1,1,0,0,0,""
192,381,"C3 : (((C4 x C4) : C2) : C2)",2,11,12,24,1,1,0,0,0,""
192,381,"C3 : (((C4 x C4) : C2) : C2)",9,22,12,24,1,1,0,0,0,""
192,384,"C3 : (((C2 x Q8) : C2) : C2)",2,11,12,24,1,1,0,0,0,""
192,384,"C3 : (((C2 x Q8) : C2) : C2)",9,21,12,24,1,1,0,0,0,""
192,385,"C3 : (((C2 x Q8) : C2) : C2)",2,11,12,24,1,1,0,0,0,""
192,385,"C3 : (((C2 x Q8) : C2) : C2)",9,21,12,24,1,1,0,0,0,""
192,386,"C3 : ((C8 : (C2 x C2)) : C2)",2,11,12,24,1,1,0,0,0,""
192,386,"C3 : ((C8 : (C2 x C2)) : C2)",9,21,12,24,1,1,0,0,0,""
192,388,"C3 : ((C2 x C2) . (C2 x D8) = (C4 x C2) . (C2 x C2 x C2))",2,11,12,24,1,1,0,0,0,""
192,388,"C3 : ((C2 x C2) . (C2 x D8) = (C4 x C2) . (C2 x C2 x C2))",9,24,12,24,1,1,0,0,0,""
192,400,"C3 : ((C4 : C8) : C2)",2,11,12,24,1,1,0,0,0,""
192,400,"C3 : ((C4 : C8) : C2)",9,24,12,24,1,1,0,0,0,""
192,401,"C3 : ((C4 : C8) : C2)",2,11,12,24,1,1,0,0,0,""
192,401,"C3 : ((C4 : C8) : C2)",9,24,12,24,1,1,0,0,0,""
192,402,"C3 : ((C2 x D16) : C2)",2,11,12,24,1,1,0,0,0,""
192,402,"C3 : ((C2 x D16) : C2)",9,24,12,24,1,1,0,0,0,""
192,403,"C3 : ((C2 x QD16) : C2)",2,11,12,24,1,1,0,0,0,""
192,403,"C3 : ((C2 x QD16) : C2)",9,24,12,24,1,1,0,0,0,""
192,404,"C3 : ((C4 : C8) : C2)",10,23,12,24,1,1,0,0,0,""
192,404,"C3 : ((C4 : C8) : C2)",22,33,12,24,1,1,0,0,0,""
192,405,"C3 : ((C4 : C8) : C2)",2,11,12,24,1,1,0,0,0,""
192,405,"C3 : ((C4 : C8) : C2)",9,24,12,24,1,1,0,0,0,""
192,406,"C3 : ((C4 : C8) : C2)",2,11,12,24,1,1,0,0,0,""
192,406,"C3 : ((C4 : C8) : C2)",9,24,12,24,1,1,0,0,0,""
192,407,"C3 : ((C2 x QD16) : C2)",2,11,12,24,1,1,0,0,0,""
192,407,"C3 : ((C2 x QD16) : C2)",9,24,12,24,1,1,0,0,0,""
192,408,"C3 : (C4 : Q16)",2,11,12,24,1,1,0,0,0,""
192,408,"C3 : (C4 : Q16)",9,24,12,24,1,1,0,0,0,""
192,409,"C3 : (Q8 : Q8)",2,11,12,24,1,1,0,0,0,""
192,409,"C3 : (Q8 : Q8)",9,24,12,24,1,1,0,0,0,""
192,410,"C3 : (Q8 : Q8)",2,11,12,24,1,1,0,0,0,""
192,410,"C3 : (Q8 : Q8)",9,24,12,24,1,1,0,0,0,""
192,413,"C3 : (Q8 : Q8)",10,23,12,24,1,1,0,0,0,""
192,415,"C3 : (C8 : Q8)",2,11,12,24,1,1,0,0,0,""
192,415,"C3 : (C8 : Q8)",9,22,12,24,1,1,0,0,0,""
192,416,"C3 : ((C2 x C2) . (C2 x D8) = (C4 x C2) . (C2 x C2 x C2))",9,23,12,24,1,1,0,0,0,""
192,421,"C3 : ((C8 : C4) : C2)",9,24,12,24,1,1,0,0,0,""
192,422,"C3 : (((C8 x C2) : C2) : C2)",9,24,12,24,1,1,0,0,0,""
192,424,"C3 : (((C4 x C2 x C2) : C2) : C2)",2,11,12,24,1,1,0,0,0,""
192,424,"C3 : (((C4 x C2 x C2) : C2) : C2)",9,22,12,24,1,1,0,0,0,""
192,425,"C3 : (((C8 x C2) : C2) : C2)",9,23,12,24,1,1,0,0,0,""
192,426,"C3 : ((C8 : C4) : C2)",2,11,12,24,1,1,0,0,0,""
192,426,"C3 : ((C8 : C4) : C2)",9,22,12,24,1,1,0,0,0,""
192,427,"C3 : ((C8 : C4) : C2)",9,23,12,24,1,1,0,0,0,""
192,429,"C3 : ((C8 : C4) : C2)",2,11,12,24,1,1,0,0,0,""
192,430,"C3 : ((C8 : C4) : C2)",2,11,12,24,1,1,0,0,0,""
192,434,"C3 : (Q8 : Q8)",9,23,12,24,1,1,0,0,0,""
192,435,"C3 : (C8 : Q8)",2,11,12,24,1,1,0,0,0,""
192,435,"C3 : (C8 : Q8)",9,22,12,24,1,1,0,0,0,""
192,436,"C3 : ((C2 x C2) . (C2 x D8) = (C4 x C2) . (C2 x C2 x C2))",9,23,12,24,1,1,0,0,0,""
192,441,"C3 : (((C8 x C2) : C2) : C2)",9,24,12,24,1,1,0,0,0,""
192,443,"C3 : ((C8 : C4) : C2)",9,24,12,24,1,1,0,0,0,""
192,444,"C3 : (((C8 x C2) : C2) : C2)",9,23,12,24,1,1,0,0,0,""
192,445,"C3 : (((C2 x Q8) : C2) : C2)",2,11,12,24,1,1,0,0,0,""
192,445,"C3 : (((C2 x Q8) : C2) : C2)",9,22,12,24,1,1,0,0,0,""
192,447,"C3 : ((C8 : C4) : C2)",9,23,12,24,1,1,0,0,0,""
192,449,"C3 : ((C8 : C4) : C2)",2,11,12,24,1,1,0,0,0,""
192,450,"C3 : ((C8 : C4) : C2)",2,11,12,24,1,1,0,0,0,""
192,455,"C3 : ((C4 . D8 = C4 . (C4 x C2)) : C2)",2,11,12,24,1,1,0,0,0,""
192,455,"C3 : ((C4 . D8 = C4 . (C4 x C2)) : C2)",9,22,12,24,1,1,0,0,0,""
192,456,"C3 : ((C8 : (C2 x C2)) : C2)",2,11,12,24,1,1,0,0,0,""
192,456,"C3 : ((C8 : (C2 x C2)) : C2)",9,22,12,24,1,1,0,0,0,""
192,457,"C3 : (((C2 x Q8) : C2) : C2)",2,11,12,24,1,1,0,0,0,""
192,457,"C3 : (((C2 x Q8) : C2) : C2)",9,22,12,24,1,1,0,0,0,""
192,506,"C3 : (((C4 x C2) : C4) : C2)",2,11,12,24,1,1,0,0,0,""
192,506,"C3 : (((C4 x C2) : C4) : C2)",9,24,12,24,1,1,0,0,0,""
192,506,"C3 : (((C4 x C2) : C4) : C2)",10,25,12,24,1,1,0,0,0,""
192,506,"C3 : (((C4 x C2) : C4) : C2)",23,36,12,24,1,1,0,0,0,""
192,507,"C3 : ((C2 x (C4 : C4)) : C2)",2,11,12,24,1,1,0,0,0,""
192,507,"C3 : ((C2 x (C4 : C4)) : C2)",9,24,12,24,1,1,0,0,0,""
192,507,"C3 : ((C2 x (C4 : C4)) : C2)",10,25,12,24,1,1,0,0,0,""
192,507,"C3 : ((C2 x (C4 : C4)) : C2)",23,36,12,24,1,1,0,0,0,""
192,508,"C3 : ((C2 x (C4 : C4)) : C2)",2,11,12,24,1,1,0,0,0,""
192,508,"C3 : ((C2 x (C4 : C4)) : C2)",9,24,12,24,1,1,0,0,0,""
192,508,"C3 : ((C2 x (C4 : C4)) : C2)",10,25,12,24,1,1,0,0,0,""
192,508,"C3 : ((C2 x (C4 : C4)) : C2)",23,36,12,24,1,1,0,0,0,""
192,511,"C3 : (((C4 x C2) : C4) : C2)",2,11,12,24,1,1,0,0,0,""
192,511,"C3 : (((C4 x C2) : C4) : C2)",9,24,12,24,1,1,0,0,0,""
192,511,"C3 : (((C4 x C2) : C4) : C2)",10,25,12,24,1,1,0,0,0,""
192,511,"C3 : (((C4 x C2) : C4) : C2)",23,36,12,24,1,1,0,0,0,""
192,512,"C3 : (((C4 x C2) : C4) : C2)",2,11,12,24,1,1,0,0,0,""
192,512,"C3 : (((C4 x C2) : C4) : C2)",9,24,12,24,1,1,0,0,0,""
192,512,"C3 : (((C4 x C2) : C4) : C2)",10,25,12,24,1,1,0,0,0,""
192,512,"C3 : (((C4 x C2) : C4) : C2)",23,36,12,24,1,1,0,0,0,""
192,518,"C3 : ((C2 x ((C4 x C2) : C2)) : C2)",2,11,12,24,1,1,0,0,0,""
192,518,"C3 : ((C2 x ((C4 x C2) : C2)) : C2)",9,24,12,24,1,1,0,0,0,""
192,518,"C3 : ((C2 x ((C4 x C2) : C2)) : C2)",10,25,12,24,1,1,0,0,0,""
192,518,"C3 : ((C2 x ((C4 x C2) : C2)) : C2)",23,36,12,24,1,1,0,0,0,""
192,519,"C3 : ((C2 x C2 x D8) : C2)",2,11,12,24,1,1,0,0,0,""
192,519,"C3 : ((C2 x C2 x D8) : C2)",9,24,12,24,1,1,0,0,0,""
192,519,"C3 : ((C2 x C2 x D8) : C2)",10,25,12,24,1,1,0,0,0,""
192,519,"C3 : ((C2 x C2 x D8) : C2)",23,36,12,24,1,1,0,0,0,""
192,520,"C3 : ((C2 x ((C4 x C2) : C2)) : C2)",2,11,12,24,1,1,0,0,0,""
192,520,"C3 : ((C2 x ((C4 x C2) : C2)) : C2)",9,24,12,24,1,1,0,0,0,""
192,520,"C3 : ((C2 x ((C4 x C2) : C2)) : C2)",10,25,12,24,1,1,0,0,0,""
192,520,"C3 : ((C2 x ((C4 x C2) : C2)) : C2)",23,36,12,24,1,1,0,0,0,""
192,538,"C3 : ((C4 x C2) : Q8)",2,11,12,24,1,1,0,0,0,""
192,538,"C3 : ((C4 x C2) : Q8)",9,24,12,24,1,1,0,0,0,""
192,538,"C3 : ((C4 x C2) : Q8)",10,25,12,24,1,1,0,0,0,""
192,538,"C3 : ((C4 x C2) : Q8)",23,36,12,24,1,1,0,0,0,""
192,540,"C3 : ((C2 x C2 x C2) . (C2 x C2 x C2))",2,11,12,24,1,1,0,0,0,""
192,540,"C3 : ((C2 x C2 x C2) . (C2 x C2 x C2))",9,24,12,24,1,1,0,0,0,""
192,540,"C3 : ((C2 x C2 x C2) . (C2 x C2 x C2))",10,25,12,24,1,1,0,0,0,""
192,540,"C3 : ((C2 x C2 x C2) . (C2 x C2 x C2))",23,36,12,24,1,1,0,0,0,""
192,541,"C3 : ((C2 x C2 x C2) . (C2 x C2 x C2))",2,11,12,24,1,1,0,0,0,""
192,541,"C3 : ((C2 x C2 x C2) . (C2 x C2 x C2))",9,24,12,24,1,1,0,0,0,""
192,541,"C3 : ((C2 x C2 x C2) . (C2 x C2 x C2))",10,25,12,24,1,1,0,0,0,""
192,541,"C3 : ((C2 x C2 x C2) . (C2 x C2 x C2))",23,36,12,24,1,1,0,0,0,""
192,542,"C3 : ((C2 x C2 x C2) . (C2 x C2 x C2))",2,11,12,24,1,1,0,0,0,""
192,542,"C3 : ((C2 x C2 x C2) . (C2 x C2 x C2))",9,24,12,24,1,1,0,0,0,""
192,542,"C3 : ((C2 x C2 x C2) . (C2 x C2 x C2))",10,25,12,24,1,1,0,0,0,""
192,542,"C3 : ((C2 x C2 x C2) . (C2 x C2 x C2))",23,36,12,24,1,1,0,0,0,""
192,544,"C3 : ((C2 x C2 x C2) . (C2 x C2 x C2))",2,11,12,24,1,1,0,0,0,""
192,544,"C3 : ((C2 x C2 x C2) . (C2 x C2 x C2))",9,24,12,24,1,1,0,0,0,""
192,544,"C3 : ((C2 x C2 x C2) . (C2 x C2 x C2))",10,25,12,24,1,1,0,0,0,""
192,544,"C3 : ((C2 x C2 x C2) . (C2 x C2 x C2))",23,36,12,24,1,1,0,0,0,""
192,545,"C3 : ((C2 x C2 x C2) . (C2 x C2 x C2))",2,11,12,24,1,1,0,0,0,""
192,545,"C3 : ((C2 x C2 x C2) . (C2 x C2 x C2))",9,24,12,24,1,1,0,0,0,""
192,545,"C3 : ((C2 x C2 x C2) . (C2 x C2 x C2))",10,25,12,24,1,1,0,0,0,""
192,545,"C3 : ((C2 x C2 x C2) . (C2 x C2 x C2))",23,36,12,24,1,1,0,0,0,""
192,550,"C3 : ((C2 x ((C4 x C2) : C2)) : C2)",2,11,12,24,1,1,0,0,0,""
192,550,"C3 : ((C2 x ((C4 x C2) : C2)) : C2)",9,24,12,24,1,1,0,0,0,""
192,550,"C3 : ((C2 x ((C4 x C2) : C2)) : C2)",10,25,12,24,1,1,0,0,0,""
192,550,"C3 : ((C2 x ((C4 x C2) : C2)) : C2)",23,36,12,24,1,1,0,0,0,""
192,551,"C3 : ((C2 x (C4 : C4)) : C2)",2,11,12,24,1,1,0,0,0,""
192,551,"C3 : ((C2 x (C4 : C4)) : C2)",9,24,12,24,1,1,0,0,0,""
192,551,"C3 : ((C2 x (C4 : C4)) : C2)",10,25,12,24,1,1,0,0,0,""
192,551,"C3 : ((C2 x (C4 : C4)) : C2)",23,36,12,24,1,1,0,0,0,""
192,552,"C3 : ((C2 x (C4 : C4)) : C2)",2,11,12,24,1,1,0,0,0,""
192,552,"C3 : ((C2 x (C4 : C4)) : C2)",9,24,12,24,1,1,0,0,0,""
192,552,"C3 : ((C2 x (C4 : C4)) : C2)",10,25,12,24,1,1,0,0,0,""
192,552,"C3 : ((C2 x (C4 : C4)) : C2)",23,36,12,24,1,1,0,0,0,""
192,553,"C3 : ((C2 x (C4 : C4)) : C2)",2,11,12,24,1,1,0,0,0,""
192,553,"C3 : ((C2 x (C4 : C4)) : C2)",9,24,12,24,1,1,0,0,0,""
192,553,"C3 : ((C2 x (C4 : C4)) : C2)",10,25,12,24,1,1,0,0,0,""
192,553,"C3 : ((C2 x (C4 : C4)) : C2)",23,36,12,24,1,1,0,0,0,""
192,591,"C3 : (((C2 x C2 x C2 x C2) : C2) : C2)",2,11,12,24,1,1,0,0,0,""
192,591,"C3 : (((C2 x C2 x C2 x C2) : C2) : C2)",9,22,12,24,1,1,0,0,0,""
192,592,"C3 : (((C8 x C2) : C2) : C2)",2,11,12,24,1,1,0,0,0,""
192,592,"C3 : (((C8 x C2) : C2) : C2)",9,23,12,24,1,1,0,0,0,""
192,592,"C3 : (((C8 x C2) : C2) : C2)",26,33,4,8,1,1,0,0,0,""
192,593,"C3 : (((C8 x C2) : C2) : C2)",2,11,12,24,1,1,0,0,0,""
192,593,"C3 : (((C8 x C2) : C2) : C2)",9,23,12,24,1,1,0,0,0,""
192,593,"C3 : (((C8 x C2) : C2) : C2)",26,33,4,8,1,1,0,0,0,""
192,594,"C3 : (((C8 x C2) : C2) : C2)",2,11,12,24,1,1,0,0,0,""
192,594,"C3 : (((C8 x C2) : C2) : C2)",9,23,12,24,1,1,0,0,0,""
192,594,"C3 : (((C8 x C2) : C2) : C2)",26,33,4,8,1,1,0,0,0,""
192,595,"C3 : ((C2 x D16) : C2)",2,11,12,24,1,1,0,0,0,""
192,595,"C3 : ((C2 x D16) : C2)",9,23,12,24,1,1,0,0,0,""
192,595,"C3 : ((C2 x D16) : C2)",26,33,4,8,1,1,0,0,0,""
192,596,"C3 : ((C2 x D16) : C2)",2,11,12,24,1,1,0,0,0,""
192,596,"C3 : ((C2 x D16) : C2)",9,23,12,24,1,1,0,0,0,""
192,596,"C3 : ((C2 x D16) : C2)",26,33,4,8,1,1,0,0,0,""
192,598,"C3 : ((C2 x D16) : C2)",10,21,12,24,1,1,0,0,0,""
192,598,"C3 : ((C2 x D16) : C2)",13,24,4,8,1,1,0,0,0,""
192,598,"C3 : ((C2 x D16) : C2)",20,28,12,24,1,1,0,0,0,""
192,598,"C3 : ((C2 x D16) : C2)",23,30,4,8,1,1,0,0,0,""
192,599,"C3 : ((C2 x QD16) : C2)",2,11,12,24,1,1,0,0,0,""
192,599,"C3 : ((C2 x QD16) : C2)",9,23,12,24,1,1,0,0,0,""
192,599,"C3 : ((C2 x QD16) : C2)",26,33,4,8,1,1,0,0,0,""
192,601,"C3 : ((C2 x QD16) : C2)",10,21,12,24,1,1,0,0,0,""
192,601,"C3 : ((C2 x QD16) : C2)",13,24,4,8,1,1,0,0,0,""
192,601,"C3 : ((C2 x QD16) : C2)",20,28,12,24,1,1,0,0,0,""
192,601,"C3 : ((C2 x QD16) : C2)",23,30,4,8,1,1,0,0,0,""
192,602,"C3 : ((Q8 : C4) : C2)",2,11,12,24,1,1,0,0,0,""
192,602,"C3 : ((Q8 : C4) : C2)",9,23,12,24,1,1,0,0,0,""
192,602,"C3 : ((Q8 : C4) : C2)",26,33,4,8,1,1,0,0,0,""
192,603,"C3 : ((C8 : C4) : C2)",2,11,12,24,1,1,0,0,0,""
192,603,"C3 : ((C8 : C4) : C2)",9,23,12,24,1,1,0,0,0,""
192,603,"C3 : ((C8 : C4) : C2)",26,33,4,8,1,1,0,0,0,""
192,604,"C3 : ((Q8 : C4) : C2)",2,11,12,24,1,1,0,0,0,""
192,604,"C3 : ((Q8 : C4) : C2)",9,23,12,24,1,1,0,0,0,""
192,604,"C3 : ((Q8 : C4) : C2)",26,33,4,8,1,1,0,0,0,""
192,605,"C3 : ((C2 x QD16) : C2)",2,11,12,24,1,1,0,0,0,""
192,605,"C3 : ((C2 x QD16) : C2)",9,23,12,24,1,1,0,0,0,""
192,605,"C3 : ((C2 x QD16) : C2)",26,33,4,8,1,1,0,0,0,""
192,606,"C3 : ((C2 x QD16) : C2)",2,11,12,24,1,1,0,0,0,""
192,606,"C3 : ((C2 x QD16) : C2)",9,23,12,24,1,1,0,0,0,""
192,606,"C3 : ((C2 x QD16) : C2)",26,33,4,8,1,1,0,0,0,""
192,608,"C3 : ((C2 x QD16) : C2)",10,21,12,24,1,1,0,0,0,""
192,608,"C3 : ((C2 x QD16) : C2)",13,24,4,8,1,1,0,0,0,""
192,608,"C3 : ((C2 x QD16) : C2)",20,28,12,24,1,1,0,0,0,""
192,608,"C3 : ((C2 x QD16) : C2)",23,30,4,8,1,1,0,0,0,""
192,609,"C3 : ((C2 x Q16) : C2)",2,11,12,24,1,1,0,0,0,""
192,609,"C3 : ((C2 x Q16) : C2)",9,23,12,24,1,1,0,0,0,""
192,609,"C3 : ((C2 x Q16) : C2)",26,33,4,8,1,1,0,0,0,""
192,611,"C3 : ((C2 x Q16) : C2)",10,21,12,24,1,1,0,0,0,""
192,611,"C3 : ((C2 x Q16) : C2)",13,24,4,8,1,1,0,0,0,""
192,611,"C3 : ((C2 x Q16) : C2)",20,28,12,24,1,1,0,0,0,""
192,611,"C3 : ((C2 x Q16) : C2)",23,30,4,8,1,1,0,0,0,""
192,612,"C3 : (((C4 x C2 x C2) : C2) : C2)",2,11,12,24,1,1,0,0,0,""
192,612,"C3 : (((C4 x C2 x C2) : C2) : C2)",9,22,12,24,1,1,0,0,0,""
192,613,"C3 : ((Q8 : C4) : C2)",2,11,12,24,1,1,0,0,0,""
192,613,"C3 : ((Q8 : C4) : C2)",9,23,12,24,1,1,0,0,0,""
192,613,"C3 : ((Q8 : C4) : C2)",26,33,4,8,1,1,0,0,0,""
192,614,"C3 : ((Q8 : C4) : C2)",2,11,12,24,1,1,0,0,0,""
192,614,"C3 : ((Q8 : C4) : C2)",9,22,12,24,1,1,0,0,0,""
192,614,"C3 : ((Q8 : C4) : C2)",14,24,4,8,1,1,0,0,0,""
192,614,"C3 : ((Q8 : C4) : C2)",25,30,4,8,1,1,0,0,0,""
192,616,"C3 : ((C2 x QD16) : C2)",2,11,12,24,1,1,0,0,0,""
192,616,"C3 : ((C2 x QD16) : C2)",9,23,12,24,1,1,0,0,0,""
192,616,"C3 : ((C2 x QD16) : C2)",26,33,4,8,1,1,0,0,0,""
192,617,"C3 : ((C2 x D16) : C2)",10,21,12,24,1,1,0,0,0,""
192,617,"C3 : ((C2 x D16) : C2)",13,24,4,8,1,1,0,0,0,""
192,617,"C3 : ((C2 x D16) : C2)",20,28,12,24,1,1,0,0,0,""
192,617,"C3 : ((C2 x D16) : C2)",23,30,4,8,1,1,0,0,0,""
192,619,"C3 : ((C2 x Q16) : C2)",10,21,12,24,1,1,0,0,0,""
192,619,"C3 : ((C2 x Q16) : C2)",13,24,4,8,1,1,0,0,0,""
192,619,"C3 : ((C2 x Q16) : C2)",20,28,12,24,1,1,0,0,0,""
192,619,"C3 : ((C2 x Q16) : C2)",23,30,4,8,1,1,0,0,0,""
192,620,"C3 : (((C2 x Q8) : C2) : C2)",2,11,12,24,1,1,0,0,0,""
192,620,"C3 : (((C2 x Q8) : C2) : C2)",9,21,12,24,1,1,0,0,0,""
192,621,"C3 : ((C8 : (C2 x C2)) : C2)",2,11,12,24,1,1,0,0,0,""
192,621,"C3 : ((C8 : (C2 x C2)) : C2)",9,21,12,24,1,1,0,0,0,""
192,622,"C3 : ((C2 x C2) . (C2 x D8) = (C4 x C2) . (C2 x C2 x C2))",2,11,12,24,1,1,0,0,0,""
192,622,"C3 : ((C2 x C2) . (C2 x D8) = (C4 x C2) . (C2 x C2 x C2))",9,23,12,24,1,1,0,0,0,""
192,622,"C3 : ((C2 x C2) . (C2 x D8) = (C4 x C2) . (C2 x C2 x C2))",26,33,4,8,1,1,0,0,0,""
192,623,"C3 : (C8 : Q8)",2,11,12,24,1,1,0,0,0,""
192,623,"C3 : (C8 : Q8)",9,22,12,24,1,1,0,0,0,""
192,623,"C3 : (C8 : Q8)",14,24,4,8,1,1,0,0,0,""
192,623,"C3 : (C8 : Q8)",25,30,4,8,1,1,0,0,0,""
192,625,"C3 : (((C2 x C2) . (C2 x C2 x C2)) : C2)",2,11,12,24,1,1,0,0,0,""
192,625,"C3 : (((C2 x C2) . (C2 x C2 x C2)) : C2)",9,23,12,24,1,1,0,0,0,""
192,625,"C3 : (((C2 x C2) . (C2 x C2 x C2)) : C2)",26,33,4,8,1,1,0,0,0,""
192,626,"C3 : (((C8 x C2) : C2) : C2)",10,21,12,24,1,1,0,0,0,""
192,626,"C3 : (((C8 x C2) : C2) : C2)",13,24,4,8,1,1,0,0,0,""
192,626,"C3 : (((C8 x C2) : C2) : C2)",20,28,12,24,1,1,0,0,0,""
192,626,"C3 : (((C8 x C2) : C2) : C2)",23,30,4,8,1,1,0,0,0,""
192,628,"C3 : ((C2 x C2) . (C2 x D8) = (C4 x C2) . (C2 x C2 x C2))",10,21,12,24,1,1,0,0,0,""
192,628,"C3 : ((C2 x C2) . (C2 x D8) = (C4 x C2) . (C2 x C2 x C2))",13,24,4,8,1,1,0,0,0,""
192,628,"C3 : ((C2 x C2) . (C2 x D8) = (C4 x C2) . (C2 x C2 x C2))",20,28,12,24,1,1,0,0,0,""
192,628,"C3 : ((C2 x C2) . (C2 x D8) = (C4 x C2) . (C2 x C2 x C2))",23,30,4,8,1,1,0,0,0,""
192,630,"C3 : (((C8 x C2) : C2) : C2)",2,11,12,24,1,1,0,0,0,""
192,630,"C3 : (((C8 x C2) : C2) : C2)",9,22,12,24,1,1,0,0,0,""
192,630,"C3 : (((C8 x C2) : C2) : C2)",14,25,4,8,1,1,0,0,0,""
192,630,"C3 : (((C8 x C2) : C2) : C2)",24,30,4,8,1,1,0,0,0,""
192,631,"C3 : ((C2 x D16) : C2)",2,11,12,24,1,1,0,0,0,""
192,631,"C3 : ((C2 x D16) : C2)",9,23,12,24,1,1,0,0,0,""
192,631,"C3 : ((C2 x D16) : C2)",26,33,4,8,1,1,0,0,0,""
192,633,"C3 : ((C2 x D16) : C2)",10,21,12,24,1,1,0,0,0,""
192,633,"C3 : ((C2 x D16) : C2)",13,24,4,8,1,1,0,0,0,""
192,633,"C3 : ((C2 x D16) : C2)",20,28,12,24,1,1,0,0,0,""
192,633,"C3 : ((C2 x D16) : C2)",23,30,4,8,1,1,0,0,0,""
192,634,"C3 : ((C2 x QD16) : C2)",2,11,12,24,1,1,0,0,0,""
192,634,"C3 : ((C2 x QD16) : C2)",9,23,12,24,1,1,0,0,0,""
192,634,"C3 : ((C2 x QD16) : C2)",26,33,4,8,1,1,0,0,0,""
192,636,"C3 : ((C8 : (C2 x C2)) : C2)",2,11,12,24,1,1,0,0,0,""
192,636,"C3 : ((C8 : (C2 x C2)) : C2)",9,21,12,24,1,1,0,0,0,""
192,640,"C3 : (C8 : Q8)",2,11,12,24,1,1,0,0,0,""
192,640,"C3 : (C8 : Q8)",9,22,12,24,1,1,0,0,0,""
192,640,"C3 : (C8 : Q8)",14,25,4,8,1,1,0,0,0,""
192,640,"C3 : (C8 : Q8)",24,30,4,8,1,1,0,0,0,""
192,641,"C3 : ((C2 x C2) . (C2 x D8) = (C4 x C2) . (C2 x C2 x C2))",2,11,12,24,1,1,0,0,0,""
192,641,"C3 : ((C2 x C2) . (C2 x D8) = (C4 x C2) . (C2 x C2 x C2))",9,22,12,24,1,1,0,0,0,""
192,641,"C3 : ((C2 x C2) . (C2 x D8) = (C4 x C2) . (C2 x C2 x C2))",14,25,4,8,1,1,0,0,0,""
192,641,"C3 : ((C2 x C2) . (C2 x D8) = (C4 x C2) . (C2 x C2 x C2))",24,30,4,8,1,1,0,0,0,""
192,642,"C3 : ((C4 : Q8) : C2)",2,11,12,24,1,1,0,0,0,""
192,642,"C3 : ((C4 : Q8) : C2)",9,23,12,24,1,1,0,0,0,""
192,642,"C3 : ((C4 : Q8) : C2)",26,33,4,8,1,1,0,0,0,""
192,643,"C3 : ((C4 : Q8) : C2)",2,11,12,24,1,1,0,0,0,""
192,643,"C3 : ((C4 : Q8) : C2)",9,23,12,24,1,1,0,0,0,""
192,643,"C3 : ((C4 : Q8) : C2)",26,33,4,8,1,1,0,0,0,""
192,645,"C3 : ((C4 : Q8) : C2)",10,21,12,24,1,1,0,0,0,""
192,645,"C3 : ((C4 : Q8) : C2)",13,24,4,8,1,1,0,0,0,""
192,645,"C3 : ((C4 : Q8) : C2)",20,28,12,24,1,1,0,0,0,""
192,645,"C3 : ((C4 : Q8) : C2)",23,30,4,8,1,1,0,0,0,""
192,646,"C3 : ((C4 : Q8) : C2)",2,11,12,24,1,1,0,0,0,""
192,646,"C3 : ((C4 : Q8) : C2)",9,23,12,24,1,1,0,0,0,""
192,646,"C3 : ((C4 : Q8) : C2)",26,33,4,8,1,1,0,0,0,""
192,648,"C3 : ((C4 : Q8) : C2)",10,21,12,24,1,1,0,0,0,""
192,648,"C3 : ((C4 : Q8) : C2)",13,24,4,8,1,1,0,0,0,""
192,648,"C3 : ((C4 : Q8) : C2)",20,28,12,24,1,1,0,0,0,""
192,648,"C3 : ((C4 : Q8) : C2)",23,30,4,8,1,1,0,0,0,""
192,649,"C3 : (C4 : Q16)",2,11,12,24,1,1,0,0,0,""
192,649,"C3 : (C4 : Q16)",9,23,12,24,1,1,0,0,0,""
192,649,"C3 : (C4 : Q16)",26,33,4,8,1,1,0,0,0,""
192,650,"C3 : (Q8 : Q8)",2,11,12,24,1,1,0,0,0,""
192,650,"C3 : (Q8 : Q8)",9,23,12,24,1,1,0,0,0,""
192,650,"C3 : (Q8 : Q8)",26,33,4,8,1,1,0,0,0,""
192,653,"C3 : (Q8 : Q8)",2,11,12,24,1,1,0,0,0,""
192,653,"C3 : (Q8 : Q8)",9,23,12,24,1,1,0,0,0,""
192,653,"C3 : (Q8 : Q8)",26,33,4,8,1,1,0,0,0,""
192,654,"C3 : (((C2 x Q8) : C2) : C2)",2,11,12,24,1,1,0,0,0,""
192,654,"C3 : (((C2 x Q8) : C2) : C2)",9,21,12,24,1,1,0,0,0,""
192,709,"C3 : (((C4 x C4) : C2) : C2)",9,23,12,24,1,1,0,0,0,""
192,712,"C3 : (((C4 x C4) : C2) : C2)",9,23,12,24,1,1,0,0,0,""
192,713,"C3 : (((C4 x C4) : C2) : C2)",2,11,12,24,1,1,0,0,0,""
192,713,"C3 : (((C4 x C4) : C2) : C2)",20,27,12,24,1,1,0,0,0,""
192,715,"C3 : (((C4 x C2 x C2) : C2) : C2)",9,23,12,24,1,1,0,0,0,""
192,717,"C3 : (((C4 x C2 x C2) : C2) : C2)",9,22,12,24,1,1,0,0,0,""
192,718,"C3 : (((C4 x C2 x C2) : C2) : C2)",2,11,12,24,1,1,0,0,0,""
192,718,"C3 : (((C4 x C2 x C2) : C2) : C2)",20,27,12,24,1,1,0,0,0,""
192,719,"C3 : ((C8 : (C2 x C2)) : C2)",2,11,12,24,1,1,0,0,0,""
192,719,"C3 : ((C8 : (C2 x C2)) : C2)",9,22,12,24,1,1,0,0,0,""
192,721,"C3 : ((C4 : Q8) : C2)",9,23,12,24,1,1,0,0,0,""
192,722,"C3 : ((C4 x Q8) : C2)",10,23,12,24,1,1,0,0,0,""
192,724,"C3 : (((C4 x C4) : C2) : C2)",9,23,12,24,1,1,0,0,0,""
192,725,"C3 : ((C4 : C8) : C2)",9,23,12,24,1,1,0,0,0,""
192,726,"C3 : ((C8 : C4) : C2)",2,11,12,24,1,1,0,0,0,""
192,726,"C3 : ((C8 : C4) : C2)",20,27,12,24,1,1,0,0,0,""
192,728,"C3 : (((C2 x Q8) : C2) : C2)",9,23,12,24,1,1,0,0,0,""
192,729,"C3 : (((C8 x C2) : C2) : C2)",9,23,12,24,1,1,0,0,0,""
192,731,"C3 : ((C2 x ((C4 x C2) : C2)) : C2)",10,22,12,24,1,1,0,0,0,""
192,732,"C3 : (((C2 x Q8) : C2) : C2)",9,22,12,24,1,1,0,0,0,""
192,733,"C3 : (((C2 x Q8) : C2) : C2)",2,11,12,24,1,1,0,0,0,""
192,733,"C3 : (((C2 x Q8) : C2) : C2)",9,22,12,24,1,1,0,0,0,""
192,735,"C3 : (((C4 x C4) : C2) : C2)",10,21,12,24,1,1,0,0,0,""
192,735,"C3 : (((C4 x C4) : C2) : C2)",20,28,12,24,1,1,0,0,0,""
192,736,"C3 : (((C2 x Q8) : C2) : C2)",2,11,12,24,1,1,0,0,0,""
192,736,"C3 : (((C2 x Q8) : C2) : C2)",9,22,12,24,1,1,0,0,0,""
192,741,"C3 : (C4 : Q16)",9,23,12,24,1,1,0,0,0,""
192,744,"C3 : ((C4 : C8) : C2)",9,23,12,24,1,1,0,0,0,""
192,745,"C3 : ((C2 x Q16) : C2)",9,23,12,24,1,1,0,0,0,""
192,746,"C3 : (((C8 x C2) : C2) : C2)",10,22,12,24,1,1,0,0,0,""
192,748,"C3 : ((C2 x Q16) : C2)",2,11,12,24,1,1,0,0,0,""
192,748,"C3 : ((C2 x Q16) : C2)",9,22,12,24,1,1,0,0,0,""
192,749,"C3 : ((C2 x Q16) : C2)",10,21,12,24,1,1,0,0,0,""
192,749,"C3 : ((C2 x Q16) : C2)",20,28,12,24,1,1,0,0,0,""
192,751,"C3 : ((C2 x Q16) : C2)",2,11,12,24,1,1,0,0,0,""
192,751,"C3 : ((C2 x Q16) : C2)",9,22,12,24,1,1,0,0,0,""
192,757,"C3 : (((C4 x C4) : C2) : C2)",2,11,12,24,1,1,0,0,0,""
192,757,"C3 : (((C4 x C4) : C2) : C2)",9,21,12,24,1,1,0,0,0,""
192,757,"C3 : (((C4 x C4) : C2) : C2)",10,22,12,24,4,8,1,1,0,"true"
192,758,"C3 : ((C2 x D16) : C2)",19,25,12,24,1,1,0,0,0,""
192,758,"C3 : ((C2 x D16) : C2)",20,26,6,12,2,2,0,0,0,""
192,759,"C3 : ((C2 x QD16) : C2)",19,25,12,24,1,1,0,0,0,""
192,759,"C3 : ((C2 x QD16) : C2)",20,26,6,12,2,2,0,0,0,""
192,760,"C3 : ((C8 : (C2 x C2)) : C2)",2,11,12,24,1,1,0,0,0,""
192,760,"C3 : ((C8 : (C2 x C2)) : C2)",9,21,12,24,1,1,0,0,0,""
192,760,"C3 : ((C8 : (C2 x C2)) : C2)",20,26,12,24,4,8,1,1,0,"true"
192,761,"C3 : (((C4 x C4) : C2) : C2)",2,11,12,24,1,1,0,0,0,""
192,761,"C3 : (((C4 x C4) : C2) : C2)",9,21,12,24,1,1,0,0,0,""
192,761,"C3 : (((C4 x C4) : C2) : C2)",10,22,12,24,4,8,1,1,0,"true"
192,762,"C3 : ((C2 x QD16) : C2)",19,25,12,24,1,1,0,0,0,""
192,762,"C3 : ((C2 x QD16) : C2)",20,26,6,12,2,2,0,0,0,""
192,763,"C3 : ((C2 x Q16) : C2)",19,25,12,24,1,1,0,0,0,""
192,763,"C3 : ((C2 x Q16) : C2)",20,26,6,12,2,2,0,0,0,""
192,764,"C3 : (((C2 x Q8) : C2) : C2)",2,11,12,24,1,1,0,0,0,""
192,764,"C3 : (((C2 x Q8) : C2) : C2)",9,21,12,24,1,1,0,0,0,""
192,764,"C3 : (((C2 x Q8) : C2) : C2)",20,26,12,24,4,8,1,1,0,"true"
192,781,"C3 : ((C2 x ((C4 x C2) : C2)) : C2)",2,11,12,24,1,1,0,0,0,""
192,781,"C3 : ((C2 x ((C4 x C2) : C2)) : C2)",9,24,12,24,1,1,0,0,0,""
192,781,"C3 : ((C2 x ((C4 x C2) : C2)) : C2)",10,25,12,24,1,1,0,0,0,""
192,781,"C3 : ((C2 x ((C4 x C2) : C2)) : C2)",23,36,12,24,1,1,0,0,0,""
192,782,"C3 : ((C2 x C2 x D8) : C2)",2,11,12,24,1,1,0,0,0,""
192,782,"C3 : ((C2 x C2 x D8) : C2)",9,24,12,24,1,1,0,0,0,""
192,782,"C3 : ((C2 x C2 x D8) : C2)",10,25,12,24,1,1,0,0,0,""
192,782,"C3 : ((C2 x C2 x D8) : C2)",23,36,12,24,1,1,0,0,0,""
192,789,"C3 : ((C4 x C2) : Q8)",2,11,12,24,1,1,0,0,0,""
192,789,"C3 : ((C4 x C2) : Q8)",9,24,12,24,1,1,0,0,0,""
192,789,"C3 : ((C4 x C2) : Q8)",10,25,12,24,1,1,0,0,0,""
192,789,"C3 : ((C4 x C2) : Q8)",23,36,12,24,1,1,0,0,0,""
192,790,"C3 : ((C2 x C2 x Q8) : C2)",2,11,12,24,1,1,0,0,0,""
192,790,"C3 : ((C2 x C2 x Q8) : C2)",9,24,12,24,1,1,0,0,0,""
192,790,"C3 : ((C2 x C2 x Q8) : C2)",10,25,12,24,1,1,0,0,0,""
192,790,"C3 : ((C2 x C2 x Q8) : C2)",23,36,12,24,1,1,0,0,0,""
192,800,"C3 : (((C4 x C4) : C2) : C2)",10,21,12,24,4,8,1,1,0,"true"
192,801,"C3 : (((C4 x C4) : C2) : C2)",10,21,12,24,4,8,1,1,0,"true"
192,802,"C3 : (((C4 x C2 x C2) : C2) : C2)",2,11,12,24,4,8,3,3,0,"true;true;true"
192,803,"C3 : (((C2 x C2 x C2 x C2) : C2) : C2)",2,11,12,24,4,8,3,3,0,"true;true;true"
192,804,"C3 : (((C4 x C4) : C2) : C2)",10,21,12,24,4,8,1,1,0,"true"
192,805,"C3 : ((C4 : Q8) : C2)",10,21,12,24,4,8,1,1,0,"true"
192,955,"(((C2 x C2 x C2 x C2) : C2) : C3) : C2",2,9,12,24,3,4,3,3,0,"true;true;true"
192,955,"(((C2 x C2 x C2 x C2) : C2) : C3) : C2",7,14,12,24,3,4,3,3,0,"true;true;true"
192,956,"(((C4 x C4) : C2) : C3) : C2",2,9,12,24,3,4,3,3,0,"true;true;true"
192,956,"(((C4 x C4) : C2) : C3) : C2",7,14,12,24,3,4,3,3,0,"true;true;true"
192,973,"(A4 : C8) : C2",10,18,16,32,1,1,0,0,0,""
192,974,"(D8 x A4) : C2",10,18,16,32,1,1,0,0,0,""
192,975,"A4 : Q16",10,18,16,32,1,1,0,0,0,""
192,976,"(Q8 x A4) : C2",10,18,16,32,1,1,0,0,0,""
192,987,"(SL(2,3) : C4) : C2",10,16,16,32,1,1,0,0,0,""
192,987,"(SL(2,3) : C4) : C2",15,17,12,24,2,2,0,0,0,""
192,988,"(((C2 x C2 x C2) : (C2 x C2)) : C3) : C2",10,16,16,32,1,1,0,0,0,""
192,988,"(((C2 x C2 x C2) : (C2 x C2)) : C3) : C2",15,17,12,24,2,2,0,0,0,""
192,989,"(SL(2,3) : C4) : C2",10,16,16,32,1,1,0,0,0,""
192,989,"(SL(2,3) : C4) : C2",15,17,12,24,2,2,0,0,0,""
192,990,"(((C2 x Q8) : C2) : C3) : C2",10,16,16,32,1,1,0,0,0,""
192,990,"(((C2 x Q8) : C2) : C3) : C2",15,17,12,24,2,2,0,0,0,""
192,1020,"(C4 x C4 x C2 x C2) : C3",2,6,64,128,1,1,0,0,0,""
192,1021,"(((C2 x Q8) : C2) : C2) : C3",4,10,12,24,1,1,0,0,0,""
192,1021,"(((C2 x Q8) : C2) : C2) : C3",4,11,12,24,1,1,0,0,0,""
192,1021,"(((C2 x Q8) : C2) : C2) : C3",4,13,12,24,1,1,0,0,0,""
192,1021,"(((C2 x Q8) : C2) : C2) : C3",10,11,12,24,1,1,0,0,0,""
192,1021,"(((C2 x Q8) : C2) : C2) : C3",10,13,12,24,1,1,0,0,0,""
192,1021,"(((C2 x Q8) : C2) : C2) : C3",11,13,12,24,1,1,0,0,0,""
192,1022,"(Q8 x Q8) : C3",10,11,12,24,1,1,0,0,0,""
192,1022,"(Q8 x Q8) : C3",10,13,12,24,1,1,0,0,0,""
192,1022,"(Q8 x Q8) : C3",11,13,12,24,1,1,0,0,0,""
192,1023,"(((C2 x C2 x C2 x C2) : C2) : C2) : C3",2,6,64,128,1,1,0,0,0,""
192,1023,"(((C2 x C2 x C2 x C2) : C2) : C2) : C3",3,4,12,24,1,1,0,0,0,""
192,1023,"(((C2 x C2 x C2 x C2) : C2) : C2) : C3",3,7,12,24,1,1,0,0,0,""
192,1023,"(((C2 x C2 x C2 x C2) : C2) : C2) : C3",3,8,12,24,1,1,0,0,0,""
192,1023,"(((C2 x C2 x C2 x C2) : C2) : C2) : C3",3,9,12,24,1,1,0,0,0,""
192,1023,"(((C2 x C2 x C2 x C2) : C2) : C2) : C3",4,7,12,24,1,1,0,0,0,""
192,1023,"(((C2 x C2 x C2 x C2) : C2) : C2) : C3",4,8,12,24,1,1,0,0,0,""
192,1023,"(((C2 x C2 x C2 x C2) : C2) : C2) : C3",4,9,12,24,1,1,0,0,0,""
192,1023,"(((C2 x C2 x C2 x C2) : C2) : C2) : C3",7,8,12,24,1,1,0,0,0,""
192,1023,"(((C2 x C2 x C2 x C2) : C2) : C2) : C3",7,9,12,24,1,1,0,0,0,""
192,1023,"(((C2 x C2 x C2 x C2) : C2) : C2) : C3",8,9,12,24,1,1,0,0,0,""
192,1024,"(((C2 x C2 x C2 x C2) : C2) : C2) : C3",3,4,12,24,1,1,0,0,0,""
192,1024,"(((C2 x C2 x C2 x C2) : C2) : C2) : C3",3,10,12,24,1,1,0,0,0,""
192,1024,"(((C2 x C2 x C2 x C2) : C2) : C2) : C3",3,11,12,24,1,1,0,0,0,""
192,1024,"(((C2 x C2 x C2 x C2) : C2) : C2) : C3",3,12,12,24,1,1,0,0,0,""
192,1024,"(((C2 x C2 x C2 x C2) : C2) : C2) : C3",4,10,12,24,1,1,0,0,0,""
192,1024,"(((C2 x C2 x C2 x C2) : C2) : C2) : C3",4,11,12,24,1,1,0,0,0,""
192,1024,"(((C2 x C2 x C2 x C2) : C2) : C2) : C3",4,12,12,24,1,1,0,0,0,""
192,1024,"(((C2 x C2 x C2 x C2) : C2) : C2) : C3",10,11,12,24,1,1,0,0,0,""
192,1024,"(((C2 x C2 x C2 x C2) : C2) : C2) : C3",10,12,12,24,1,1,0,0,0,""
192,1024,"(((C2 x C2 x C2 x C2) : C2) : C2) : C3",11,12,12,24,1,1,0,0,0,""
192,1025,"((C2 x C2) . (C2 x C2 x C2 x C2)) : C3",2,6,64,128,1,1,0,0,0,""
192,1025,"((C2 x C2) . (C2 x C2 x C2 x C2)) : C3",3,4,12,24,1,1,0,0,0,""
192,1025,"((C2 x C2) . (C2 x C2 x C2 x C2)) : C3",3,7,12,24,1,1,0,0,0,""
192,1025,"((C2 x C2) . (C2 x C2 x C2 x C2)) : C3",3,8,12,24,1,1,0,0,0,""
192,1025,"((C2 x C2) . (C2 x C2 x C2 x C2)) : C3",3,9,12,24,1,1,0,0,0,""
192,1025,"((C2 x C2) . (C2 x C2 x C2 x C2)) : C3",4,7,12,24,1,1,0,0,0,""
192,1025,"((C2 x C2) . (C2 x C2 x C2 x C2)) : C3",4,8,12,24,1,1,0,0,0,""
192,1025,"((C2 x C2) . (C2 x C2 x C2 x C2)) : C3",4,9,12,24,1,1,0,0,0,""
192,1025,"((C2 x C2) . (C2 x C2 x C2 x C2)) : C3",7,8,12,24,1,1,0,0,0,""
192,1025,"((C2 x C2) . (C2 x C2 x C2 x C2)) : C3",7,9,12,24,1,1,0,0,0,""
192,1025,"((C2 x C2) . (C2 x C2 x C2 x C2)) : C3",8,9,12,24,1,1,0,0,0,""
192,1146,"C3 : ((C2 x ((C4 x C2) : C2)) : C2)",19,33,4,8,1,1,0,0,0,""
192,1148,"C3 : ((C2 x C2 x D8) : C2)",19,32,4,8,1,1,0,0,0,""
192,1148,"C3 : ((C2 x C2 x D8) : C2)",29,36,4,8,1,1,0,0,0,""
192,1149,"C3 : (D8 x D8)",19,33,4,8,1,1,0,0,0,""
192,1150,"C3 : ((C2 x C2 x D8) : C2)",19,33,4,8,1,1,0,0,0,""
192,1151,"C3 : ((C2 x C2 x D8) : C2)",18,31,4,8,1,1,0,0,0,""
192,1151,"C3 : ((C2 x C2 x D8) : C2)",28,36,4,8,1,1,0,0,0,""
192,1152,"C3 : (((C4 x C2 x C2) : C2) : C2)",16,30,4,8,1,1,0,0,0,""
192,1152,"C3 : (((C4 x C2 x C2) : C2) : C2)",17,31,4,8,1,1,0,0,0,""
192,1153,"C3 : (((C2 x C2 x C2 x C2) : C2) : C2)",16,28,4,8,1,1,0,0,0,""
192,1153,"C3 : (((C2 x C2 x C2 x C2) : C2) : C2)",17,29,4,8,1,1,0,0,0,""
192,1153,"C3 : (((C2 x C2 x C2 x C2) : C2) : C2)",27,33,4,8,1,1,0,0,0,""
192,1154,"C3 : (((C4 x C2 x C2) : C2) : C2)",16,28,4,8,1,1,0,0,0,""
192,1154,"C3 : (((C4 x C2 x C2) : C2) : C2)",17,29,4,8,1,1,0,0,0,""
192,1154,"C3 : (((C4 x C2 x C2) : C2) : C2)",27,33,4,8,1,1,0,0,0,""
192,1156,"C3 : ((C2 x ((C4 x C2) : C2)) : C2)",31,35,4,8,1,1,0,0,0,""
192,1156,"C3 : ((C2 x ((C4 x C2) : C2)) : C2)",34,36,4,8,1,1,0,0,0,""
192,1157,"C3 : ((C2 x ((C4 x C2) : C2)) : C2)",30,39,4,8,1,1,0,0,0,""
192,1158,"C3 : ((C2 x ((C4 x C2) : C2)) : C2)",30,39,4,8,1,1,0,0,0,""
192,1160,"C3 : ((C4 x D8) : C2)",30,39,4,8,1,1,0,0,0,""
192,1161,"C3 : ((C2 x (C4 : C4)) : C2)",19,32,4,8,1,1,0,0,0,""
192,1161,"C3 : ((C2 x (C4 : C4)) : C2)",29,36,4,8,1,1,0,0,0,""
192,1162,"C3 : (((C4 x C2 x C2) : C2) : C2)",18,30,4,8,1,1,0,0,0,""
192,1162,"C3 : (((C4 x C2 x C2) : C2) : C2)",34,36,4,8,1,1,0,0,0,""
192,1164,"C3 : ((C2 x ((C4 x C2) : C2)) : C2)",19,32,4,8,1,1,0,0,0,""
192,1164,"C3 : ((C2 x ((C4 x C2) : C2)) : C2)",29,36,4,8,1,1,0,0,0,""
192,1166,"C3 : (((C2 x C2 x C2 x C2) : C2) : C2)",18,30,4,8,1,1,0,0,0,""
192,1166,"C3 : (((C2 x C2 x C2 x C2) : C2) : C2)",34,36,4,8,1,1,0,0,0,""
192,1167,"C3 : ((C2 x ((C4 x C2) : C2)) : C2)",18,32,4,8,1,1,0,0,0,""
192,1167,"C3 : ((C2 x ((C4 x C2) : C2)) : C2)",28,36,4,8,1,1,0,0,0,""
192,1168,"C3 : (D8 x D8)",19,33,4,8,1,1,0,0,0,""
192,1169,"C3 : ((C2 x ((C4 x C2) : C2)) : C2)",19,33,4,8,1,1,0,0,0,""
192,1170,"C3 : ((C4 x D8) : C2)",31,39,4,8,1,1,0,0,0,""
192,1171,"C3 : (((C2 x C2 x C2 x C2) : C2) : C2)",18,32,4,8,1,1,0,0,0,""
192,1172,"C3 : (((C2 x C2 x C2 x C2) : C2) : C2)",18,30,4,8,1,1,0,0,0,""
192,1172,"C3 : (((C2 x C2 x C2 x C2) : C2) : C2)",34,36,4,8,1,1,0,0,0,""
192,1173,"C3 : ((C4 x D8) : C2)",19,33,4,8,1,1,0,0,0,""
192,1174,"C3 : ((C4 x D8) : C2)",18,31,4,8,1,1,0,0,0,""
192,1174,"C3 : ((C4 x D8) : C2)",28,36,4,8,1,1,0,0,0,""
192,1175,"C3 : (((C4 x C2 x C2) : C2) : C2)",17,30,4,8,1,1,0,0,0,""
192,1176,"C3 : ((C2 x ((C4 x C2) : C2)) : C2)",18,31,4,8,1,1,0,0,0,""
192,1176,"C3 : ((C2 x ((C4 x C2) : C2)) : C2)",28,36,4,8,1,1,0,0,0,""
192,1177,"C3 : (((C4 x C2 x C2) : C2) : C2)",29,39,4,8,1,1,0,0,0,""
192,1178,"C3 : (((C4 x C2 x C2) : C2) : C2)",17,29,4,8,1,1,0,0,0,""
192,1178,"C3 : (((C4 x C2 x C2) : C2) : C2)",26,35,4,8,1,1,0,0,0,""
192,1179,"C3 : (((C2 x C2 x C2 x C2) : C2) : C2)",17,28,4,8,1,1,0,0,0,""
192,1179,"C3 : (((C2 x C2 x C2 x C2) : C2) : C2)",25,32,4,8,1,1,0,0,0,""
192,1179,"C3 : (((C2 x C2 x C2 x C2) : C2) : C2)",31,33,4,8,1,1,0,0,0,""
192,1180,"C3 : (((C4 x C2 x C2) : C2) : C2)",17,28,4,8,1,1,0,0,0,""
192,1180,"C3 : (((C4 x C2 x C2) : C2) : C2)",25,32,4,8,1,1,0,0,0,""
192,1180,"C3 : (((C4 x C2 x C2) : C2) : C2)",31,33,4,8,1,1,0,0,0,""
192,1182,"C3 : ((C4 : Q8) : C2)",19,32,4,8,1,1,0,0,0,""
192,1182,"C3 : ((C4 : Q8) : C2)",29,36,4,8,1,1,0,0,0,""
192,1184,"C3 : ((C4 x Q8) : C2)",19,32,4,8,1,1,0,0,0,""
192,1184,"C3 : ((C4 x Q8) : C2)",29,36,4,8,1,1,0,0,0,""
192,1187,"C3 : (((C4 x C4) : C2) : C2)",19,32,4,8,1,1,0,0,0,""
192,1187,"C3 : (((C4 x C4) : C2) : C2)",29,36,4,8,1,1,0,0,0,""
192,1188,"C3 : ((C2 x ((C4 x C2) : C2)) : C2)",19,32,4,8,1,1,0,0,0,""
192,1188,"C3 : ((C2 x ((C4 x C2) : C2)) : C2)",29,36,4,8,1,1,0,0,0,""
192,1189,"C3 : ((C2 x C2 x D8) : C2)",19,33,4,8,1,1,0,0,0,""
192,1190,"C3 : (((C4 x C2 x C2) : C2) : C2)",19,33,4,8,1,1,0,0,0,""
192,1191,"C3 : (Q8 x D8)",30,39,4,8,1,1,0,0,0,""
192,1192,"C3 : ((C4 x D8) : C2)",19,33,4,8,1,1,0,0,0,""
192,1193,"C3 : (((C2 x Q8) : C2) : C2)",19,32,4,8,1,1,0,0,0,""
192,1193,"C3 : (((C2 x Q8) : C2) : C2)",29,36,4,8,1,1,0,0,0,""
192,1194,"C3 : ((C2 x (C4 : C4)) : C2)",30,39,4,8,1,1,0,0,0,""
192,1195,"C3 : ((C2 x (C4 : C4)) : C2)",30,39,4,8,1,1,0,0,0,""
192,1196,"C3 : ((C2 x ((C4 x C2) : C2)) : C2)",19,33,4,8,1,1,0,0,0,""
192,1197,"C3 : (((C4 x C2 x C2) : C2) : C2)",19,32,4,8,1,1,0,0,0,""
192,1197,"C3 : (((C4 x C2 x C2) : C2) : C2)",30,36,4,8,1,1,0,0,0,""
192,1198,"C3 : (((C2 x Q8) : C2) : C2)",19,33,4,8,1,1,0,0,0,""
192,1199,"C3 : ((C4 x D8) : C2)",18,31,4,8,1,1,0,0,0,""
192,1199,"C3 : ((C4 x D8) : C2)",28,36,4,8,1,1,0,0,0,""
192,1200,"C3 : (((C4 x C4) : C2) : C2)",18,33,4,8,1,1,0,0,0,""
192,1201,"C3 : (((C4 x C4) : C2) : C2)",29,39,4,8,1,1,0,0,0,""
192,1202,"C3 : (((C2 x Q8) : C2) : C2)",16,30,4,8,1,1,0,0,0,""
192,1202,"C3 : (((C2 x Q8) : C2) : C2)",17,31,4,8,1,1,0,0,0,""
192,1203,"C3 : ((C2 x ((C4 x C2) : C2)) : C2)",18,31,4,8,1,1,0,0,0,""
192,1203,"C3 : ((C2 x ((C4 x C2) : C2)) : C2)",28,36,4,8,1,1,0,0,0,""
192,1204,"C3 : (((C4 x C2 x C2) : C2) : C2)",18,31,4,8,1,1,0,0,0,""
192,1204,"C3 : (((C4 x C2 x C2) : C2) : C2)",28,36,4,8,1,1,0,0,0,""
192,1205,"C3 : (((C2 x Q8) : C2) : C2)",16,28,4,8,1,1,0,0,0,""
192,1205,"C3 : (((C2 x Q8) : C2) : C2)",17,29,4,8,1,1,0,0,0,""
192,1205,"C3 : (((C2 x Q8) : C2) : C2)",27,33,4,8,1,1,0,0,0,""
192,1206,"C3 : (((C4 x C2 x C2) : C2) : C2)",16,28,4,8,1,1,0,0,0,""
192,1206,"C3 : (((C4 x C2 x C2) : C2) : C2)",17,29,4,8,1,1,0,0,0,""
192,1206,"C3 : (((C4 x C2 x C2) : C2) : C2)",27,33,4,8,1,1,0,0,0,""
192,1207,"C3 : ((C2 x C2 x Q8) : C2)",19,32,4,8,1,1,0,0,0,""
192,1207,"C3 : ((C2 x C2 x Q8) : C2)",29,36,4,8,1,1,0,0,0,""
192,1209,"C3 : (((C2 x Q8) : C2) : C2)",30,39,4,8,1,1,0,0,0,""
192,1210,"C3 : (((C2 x Q8) : C2) : C2)",16,28,4,8,1,1,0,0,0,""
192,1210,"C3 : (((C2 x Q8) : C2) : C2)",17,29,4,8,1,1,0,0,0,""
192,1210,"C3 : (((C2 x Q8) : C2) : C2)",27,33,4,8,1,1,0,0,0,""
192,1212,"C3 : ((C2 x C2 x D8) : C2)",19,32,4,8,1,1,0,0,0,""
192,1212,"C3 : ((C2 x C2 x D8) : C2)",29,36,4,8,1,1,0,0,0,""
192,1213,"C3 : ((C2 x C2 x D8) : C2)",30,39,4,8,1,1,0,0,0,""
192,1214,"C3 : ((C2 x ((C4 x C2) : C2)) : C2)",30,39,4,8,1,1,0,0,0,""
192,1216,"C3 : (((C2 x C2 x C2 x C2) : C2) : C2)",19,32,4,8,1,1,0,0,0,""
192,1216,"C3 : (((C2 x C2 x C2 x C2) : C2) : C2)",30,36,4,8,1,1,0,0,0,""
192,1217,"C3 : ((C2 x ((C4 x C2) : C2)) : C2)",30,39,4,8,1,1,0,0,0,""
192,1218,"C3 : ((C2 x ((C4 x C2) : C2)) : C2)",19,33,4,8,1,1,0,0,0,""
192,1219,"C3 : ((C4 x D8) : C2)",19,32,4,8,1,1,0,0,0,""
192,1219,"C3 : ((C4 x D8) : C2)",29,36,4,8,1,1,0,0,0,""
192,1220,"C3 : ((C4 x D8) : C2)",19,33,4,8,1,1,0,0,0,""
192,1221,"C3 : ((C4 x D8) : C2)",18,31,4,8,1,1,0,0,0,""
192,1221,"C3 : ((C4 x D8) : C2)",28,36,4,8,1,1,0,0,0,""
192,1222,"C3 : ((C4 x D8) : C2)",18,31,4,8,1,1,0,0,0,""
192,1222,"C3 : ((C4 x D8) : C2)",28,36,4,8,1,1,0,0,0,""
192,1223,"C3 : ((C4 x D8) : C2)",18,33,4,8,1,1,0,0,0,""
192,1224,"C3 : (((C4 x C2 x C2) : C2) : C2)",18,31,4,8,1,1,0,0,0,""
192,1224,"C3 : (((C4 x C2 x C2) : C2) : C2)",28,36,4,8,1,1,0,0,0,""
192,1225,"C3 : (((C2 x C2 x C2 x C2) : C2) : C2)",16,28,4,8,1,1,0,0,0,""
192,1225,"C3 : (((C2 x C2 x C2 x C2) : C2) : C2)",17,29,4,8,1,1,0,0,0,""
192,1225,"C3 : (((C2 x C2 x C2 x C2) : C2) : C2)",27,33,4,8,1,1,0,0,0,""
192,1226,"C3 : (((C4 x C2 x C2) : C2) : C2)",16,28,4,8,1,1,0,0,0,""
192,1226,"C3 : (((C4 x C2 x C2) : C2) : C2)",17,29,4,8,1,1,0,0,0,""
192,1226,"C3 : (((C4 x C2 x C2) : C2) : C2)",27,33,4,8,1,1,0,0,0,""
192,1228,"C3 : (((C2 x Q8) : C2) : C2)",19,32,4,8,1,1,0,0,0,""
192,1228,"C3 : (((C2 x Q8) : C2) : C2)",30,36,4,8,1,1,0,0,0,""
192,1229,"C3 : ((C4 x D8) : C2)",32,39,4,8,1,1,0,0,0,""
192,1230,"C3 : (((C2 x Q8) : C2) : C2)",37,39,4,8,1,1,0,0,0,""
192,1231,"C3 : (((C2 x Q8) : C2) : C2)",17,28,4,8,1,1,0,0,0,""
192,1231,"C3 : (((C2 x Q8) : C2) : C2)",25,32,4,8,1,1,0,0,0,""
192,1231,"C3 : (((C2 x Q8) : C2) : C2)",31,33,4,8,1,1,0,0,0,""
192,1233,"C3 : (((C2 x C2 x C2 x C2) : C2) : C2)",18,30,4,8,1,1,0,0,0,""
192,1233,"C3 : (((C2 x C2 x C2 x C2) : C2) : C2)",34,36,4,8,1,1,0,0,0,""
192,1234,"C3 : (((C4 x C4) : C2) : C2)",19,32,4,8,1,1,0,0,0,""
192,1234,"C3 : (((C4 x C4) : C2) : C2)",29,36,4,8,1,1,0,0,0,""
192,1235,"C3 : (((C2 x C2 x C2 x C2) : C2) : C2)",18,32,4,8,1,1,0,0,0,""
192,1236,"C3 : ((C4 x D8) : C2)",19,33,4,8,1,1,0,0,0,""
192,1237,"C3 : (((C2 x C2 x C2 x C2) : C2) : C2)",19,32,4,8,1,1,0,0,0,""
192,1237,"C3 : (((C2 x C2 x C2 x C2) : C2) : C2)",30,36,4,8,1,1,0,0,0,""
192,1238,"C3 : ((C2 x ((C4 x C2) : C2)) : C2)",32,39,4,8,1,1,0,0,0,""
192,1240,"C3 : ((C4 x D8) : C2)",18,33,4,8,1,1,0,0,0,""
192,1241,"C3 : (((C2 x Q8) : C2) : C2)",17,31,4,8,1,1,0,0,0,""
192,1241,"C3 : (((C2 x Q8) : C2) : C2)",27,36,4,8,1,1,0,0,0,""
192,1242,"C3 : (((C2 x C2 x C2 x C2) : C2) : C2)",17,28,4,8,1,1,0,0,0,""
192,1242,"C3 : (((C2 x C2 x C2 x C2) : C2) : C2)",25,32,4,8,1,1,0,0,0,""
192,1242,"C3 : (((C2 x C2 x C2 x C2) : C2) : C2)",31,33,4,8,1,1,0,0,0,""
192,1243,"C3 : (((C2 x Q8) : C2) : C2)",17,28,4,8,1,1,0,0,0,""
192,1243,"C3 : (((C2 x Q8) : C2) : C2)",25,32,4,8,1,1,0,0,0,""
192,1243,"C3 : (((C2 x Q8) : C2) : C2)",31,33,4,8,1,1,0,0,0,""
192,1244,"C3 : (Q8 : Q8)",19,33,4,8,1,1,0,0,0,""
192,1245,"C3 : ((C2 x C2) . (C2 x C2 x C2 x C2))",16,28,4,8,1,1,0,0,0,""
192,1245,"C3 : ((C2 x C2) . (C2 x C2 x C2 x C2))",17,29,4,8,1,1,0,0,0,""
192,1245,"C3 : ((C2 x C2) . (C2 x C2 x C2 x C2))",27,33,4,8,1,1,0,0,0,""
192,1248,"C3 : (((C2 x C2) . (C2 x C2 x C2)) : C2)",19,32,4,8,1,1,0,0,0,""
192,1248,"C3 : (((C2 x C2) . (C2 x C2 x C2)) : C2)",29,36,4,8,1,1,0,0,0,""
192,1249,"C3 : (((C2 x Q8) : C2) : C2)",19,33,4,8,1,1,0,0,0,""
192,1251,"C3 : (((C4 x C2 x C2) : C2) : C2)",19,32,4,8,1,1,0,0,0,""
192,1251,"C3 : (((C4 x C2 x C2) : C2) : C2)",30,36,4,8,1,1,0,0,0,""
192,1252,"C3 : ((C2 x (C4 : C4)) : C2)",30,39,4,8,1,1,0,0,0,""
192,1253,"C3 : (((C2 x Q8) : C2) : C2)",19,33,4,8,1,1,0,0,0,""
192,1254,"C3 : ((C4 x D8) : C2)",19,33,4,8,1,1,0,0,0,""
192,1255,"C3 : (((C2 x C2) . (C2 x C2 x C2)) : C2)",16,30,4,8,1,1,0,0,0,""
192,1255,"C3 : (((C2 x C2) . (C2 x C2 x C2)) : C2)",17,31,4,8,1,1,0,0,0,""
192,1256,"C3 : (((C4 x C2 x C2) : C2) : C2)",16,30,4,8,1,1,0,0,0,""
192,1256,"C3 : (((C4 x C2 x C2) : C2) : C2)",17,31,4,8,1,1,0,0,0,""
192,1257,"C3 : (((C2 x C2) . (C2 x C2 x C2)) : C2)",18,31,4,8,1,1,0,0,0,""
192,1257,"C3 : (((C2 x C2) . (C2 x C2 x C2)) : C2)",28,36,4,8,1,1,0,0,0,""
192,1258,"C3 : (((C2 x Q8) : C2) : C2)",16,28,4,8,1,1,0,0,0,""
192,1258,"C3 : (((C2 x Q8) : C2) : C2)",17,29,4,8,1,1,0,0,0,""
192,1258,"C3 : (((C2 x Q8) : C2) : C2)",27,33,4,8,1,1,0,0,0,""
192,1259,"C3 : (((C4 x C2 x C2) : C2) : C2)",16,28,4,8,1,1,0,0,0,""
192,1259,"C3 : (((C4 x C2 x C2) : C2) : C2)",17,29,4,8,1,1,0,0,0,""
192,1259,"C3 : (((C4 x C2 x C2) : C2) : C2)",27,33,4,8,1,1,0,0,0,""
192,1260,"C3 : (((C2 x C2) . (C2 x C2 x C2)) : C2)",19,32,4,8,1,1,0,0,0,""
192,1260,"C3 : (((C2 x C2) . (C2 x C2 x C2)) : C2)",30,36,4,8,1,1,0,0,0,""
192,1261,"C3 : (((C2 x Q8) : C2) : C2)",32,39,4,8,1,1,0,0,0,""
192,1263,"C3 : (((C2 x C2 x C2 x C2) : C2) : C2)",19,32,4,8,1,1,0,0,0,""
192,1263,"C3 : (((C2 x C2 x C2 x C2) : C2) : C2)",30,36,4,8,1,1,0,0,0,""
192,1264,"C3 : ((C2 x ((C4 x C2) : C2)) : C2)",19,33,4,8,1,1,0,0,0,""
192,1266,"C3 : (((C4 x C2 x C2) : C2) : C2)",19,32,4,8,1,1,0,0,0,""
192,1266,"C3 : (((C4 x C2 x C2) : C2) : C2)",30,36,4,8,1,1,0,0,0,""
192,1267,"C3 : (((C2 x Q8) : C2) : C2)",19,33,4,8,1,1,0,0,0,""
192,1268,"C3 : ((C4 x D8) : C2)",19,33,4,8,1,1,0,0,0,""
192,1269,"C3 : (((C4 x C2 x C2) : C2) : C2)",16,30,4,8,1,1,0,0,0,""
192,1269,"C3 : (((C4 x C2 x C2) : C2) : C2)",17,31,4,8,1,1,0,0,0,""
192,1270,"C3 : (((C2 x C2 x C2 x C2) : C2) : C2)",16,28,4,8,1,1,0,0,0,""
192,1270,"C3 : (((C2 x C2 x C2 x C2) : C2) : C2)",17,29,4,8,1,1,0,0,0,""
192,1270,"C3 : (((C2 x C2 x C2 x C2) : C2) : C2)",27,33,4,8,1,1,0,0,0,""
192,1271,"C3 : (((C2 x Q8) : C2) : C2)",17,28,4,8,1,1,0,0,0,""
192,1271,"C3 : (((C2 x Q8) : C2) : C2)",25,32,4,8,1,1,0,0,0,""
192,1271,"C3 : (((C2 x Q8) : C2) : C2)",31,33,4,8,1,1,0,0,0,""
192,1272,"C3 : (((C4 x C2 x C2) : C2) : C2)",18,32,4,8,1,1,0,0,0,""
192,1274,"C3 : (((C2 x C2 x C2 x C2) : C2) : C2)",18,30,4,8,1,1,0,0,0,""
192,1274,"C3 : (((C2 x C2 x C2 x C2) : C2) : C2)",34,36,4,8,1,1,0,0,0,""
192,1276,"C3 : (D8 x D8)",18,32,4,8,1,1,0,0,0,""
192,1277,"C3 : (((C4 x C4) : C2) : C2)",29,39,4,8,1,1,0,0,0,""
192,1278,"C3 : (((C4 x C2 x C2) : C2) : C2)",17,31,4,8,1,1,0,0,0,""
192,1278,"C3 : (((C4 x C2 x C2) : C2) : C2)",27,36,4,8,1,1,0,0,0,""
192,1279,"C3 : (((C2 x C2 x C2 x C2) : C2) : C2)",17,28,4,8,1,1,0,0,0,""
192,1279,"C3 : (((C2 x C2 x C2 x C2) : C2) : C2)",25,32,4,8,1,1,0,0,0,""
192,1279,"C3 : (((C2 x C2 x C2 x C2) : C2) : C2)",31,33,4,8,1,1,0,0,0,""
192,1280,"C3 : (Q8 : Q8)",19,33,4,8,1,1,0,0,0,""
192,1281,"C3 : (Q8 x Q8)",30,39,4,8,1,1,0,0,0,""
192,1283,"C3 : (((C4 x C4) : C2) : C2)",19,32,4,8,1,1,0,0,0,""
192,1283,"C3 : (((C4 x C4) : C2) : C2)",29,36,4,8,1,1,0,0,0,""
192,1285,"C3 : ((C4 x D8) : C2)",19,33,4,8,1,1,0,0,0,""
192,1286,"C3 : (Q8 x D8)",19,33,4,8,1,1,0,0,0,""
192,1288,"C3 : ((C4 : Q8) : C2)",19,32,4,8,1,1,0,0,0,""
192,1288,"C3 : ((C4 : Q8) : C2)",29,36,4,8,1,1,0,0,0,""
192,1289,"C3 : ((C2 x (C4 : C4)) : C2)",30,39,4,8,1,1,0,0,0,""
192,1290,"C3 : ((C4 : Q8) : C2)",18,31,4,8,1,1,0,0,0,""
192,1290,"C3 : ((C4 : Q8) : C2)",28,36,4,8,1,1,0,0,0,""
192,1291,"C3 : (((C4 x C4) : C2) : C2)",18,33,4,8,1,1,0,0,0,""
192,1292,"C3 : (((C4 x C2 x C2) : C2) : C2)",16,30,4,8,1,1,0,0,0,""
192,1292,"C3 : (((C4 x C2 x C2) : C2) : C2)",17,31,4,8,1,1,0,0,0,""
192,1293,"C3 : (((C4 x C2 x C2) : C2) : C2)",31,38,4,8,1,1,0,0,0,""
192,1294,"C3 : (((C2 x Q8) : C2) : C2)",16,28,4,8,1,1,0,0,0,""
192,1294,"C3 : (((C2 x Q8) : C2) : C2)",17,29,4,8,1,1,0,0,0,""
192,1294,"C3 : (((C2 x Q8) : C2) : C2)",27,33,4,8,1,1,0,0,0,""
192,1331,"(C8 : (C2 x C2)) x S3",2,13,3,6,1,1,0,0,0,""
192,1332,"C3 : ((C2 x ((C4 x C2) : C2)) : C2)",24,32,3,6,1,1,0,0,0,""
192,1333,"C3 : (((C2 x C2 x C2) : (C2 x C2)) : C2)",25,32,6,12,2,2,0,0,0,""
192,1334,"C3 : (((C2 x Q8) : C2) : C2)",25,32,6,12,2,2,0,0,0,""
192,1335,"((C2 x Q8) : C2) x S3",2,13,3,6,1,1,0,0,0,""
192,1336,"C3 : ((C2 x ((C4 x C2) : C2)) : C2)",24,32,3,6,1,1,0,0,0,""
192,1337,"C3 : (((C2 x C2 x C2) : (C2 x C2)) : C2)",25,32,6,12,2,2,0,0,0,""
192,1338,"C3 : (((C2 x Q8) : C2) : C2)",25,32,6,12,2,2,0,0,0,""
192,1394,"C3 : ((C2 x D16) : C2)",11,25,6,12,2,2,0,0,0,""
192,1395,"C3 : (((C8 x C2) : C2) : C2)",11,25,6,12,2,2,0,0,0,""
192,1396,"C3 : ((C2 x QD16) : C2)",11,25,6,12,2,2,0,0,0,""
192,1397,"C3 : (((C8 x C2) : C2) : C2)",11,25,6,12,2,2,0,0,0,""
192,1483,"((((C4 x C2) : C2) : C3) : C2) : C2",10,20,6,12,1,1,0,0,0,""
192,1484,"((((C4 x C2) : C2) : C3) : C2) : C2",18,23,6,12,1,1,0,0,0,""
192,1485,"(C2 x GL(2,3)) : C2",10,20,6,12,1,1,0,0,0,""
192,1486,"((C2 x SL(2,3)) : C2) : C2",18,23,6,12,1,1,0,0,0,""
192,1491,"C2 . (((C2 x C2 x C2 x C2) : C3) : C2) = (((C2 x C2 x C2) : (C2 x C2)) : C3) . C2",2,9,12,24,1,1,0,0,0,""
192,1492,"C2 . (((C2 x C2 x C2 x C2) : C3) : C2) = (((C2 x C2 x C2) : (C2 x C2)) : C3) . C2",7,13,12,24,1,1,0,0,0,""
192,1493,"(((C2 x C2 x C2) : (C2 x C2)) : C3) : C2",2,9,12,24,1,1,0,0,0,""
192,1494,"(((C2 x C2 x C2) : (C2 x C2)) : C3) : C2",7,13,12,24,1,1,0,0,0,""
192,1524,"((C2 x C2 x C2) : (C2 x C2)) x S3",2,13,3,6,1,1,0,0,0,""
192,1525,"C3 : ((C2 x ((C4 x C2) : C2)) : C2)",10,29,3,6,1,1,0,0,0,""
192,1526,"((C2 x Q8) : C2) x S3",2,13,3,6,1,1,0,0,0,""
192,1527,"C3 : ((C2 x ((C4 x C2) : C2)) : C2)",10,29,3,6,1,1,0,0,0,""
192,1541,"(C2 x C2 x C2 x C2 x C2 x C2) : C3",2,6,64,128,1,1,0,0,0,""
196,1,"C49 : C4",2,6,49,98,1,1,0,0,0,""
196,3,"D196",2,6,49,98,1,1,0,0,0,""
196,6,"(C7 x C7) : C4",2,6,49,98,1,1,0,0,0,""
196,8,"(C7 x C7) : C4",2,6,49,98,1,1,0,0,0,""
196,11,"C2 x ((C7 x C7) : C2)",2,6,49,98,1,1,0,0,0,""
200,4,"C25 : Q8",2,7,50,100,1,1,0,0,0,""
200,6,"D200",2,7,50,100,1,1,0,0,0,""
200,8,"C25 : D8",2,7,50,100,1,1,0,0,0,""
200,32,"(C5 x C5) : Q8",2,7,50,100,1,1,0,0,0,""
200,34,"(C5 x C5) : D8",2,7,50,100,1,1,0,0,0,""
200,36,"(C5 x C5) : D8",2,7,50,100,1,1,0,0,0,""
200,40,"(C5 x C5) : C8",5,6,8,16,9,45,2,1,1,"true;false"
200,40,"(C5 x C5) : C8",5,10,8,16,9,45,2,1,1,"false;true"
200,40,"(C5 x C5) : C8",6,10,8,16,9,45,2,1,1,"true;false"
200,42,"(C5 x C5) : (C4 x C2)",11,14,8,16,9,45,2,0,2,"false;false"
200,44,"(C5 x C5) : Q8",2,3,50,100,1,1,0,0,0,""
200,44,"(C5 x C5) : Q8",2,6,50,100,1,1,0,0,0,""
200,44,"(C5 x C5) : Q8",3,6,50,100,1,1,0,0,0,""
200,44,"(C5 x C5) : Q8",5,7,8,16,9,45,2,0,2,"false;false"
200,44,"(C5 x C5) : Q8",5,8,8,16,9,45,2,0,2,"false;false"
200,44,"(C5 x C5) : Q8",7,8,8,16,9,45,2,0,2,"false;false"
